1,-15.552612,134.53496,"[{'name': 'Katherine', 'admin2': 'Katherine', 'cc': 'AU', 'lat': '-14.46517', 'lon': '132.26347', 'admin1': 'Northern Territory'}]"
2,-16.046085,134.925702,"[{'name': 'Alyangula', 'admin2': '', 'cc': 'AU', 'lat': '-13.85413', 'lon': '136.42129', 'admin1': 'Northern Territory'}]"
3,-16.538675,135.318588,"[{'name': 'Alyangula', 'admin2': '', 'cc': 'AU', 'lat': '-13.85413', 'lon': '136.42129', 'admin1': 'Northern Territory'}]"
4,-17.030348,135.7137,"[{'name': 'Tennant Creek', 'admin2': 'Barkly', 'cc': 'AU', 'lat': '-19.6497', 'lon': '134.19147', 'admin1': 'Northern Territory'}]"
5,-17.521069,136.111095,"[{'name': 'Tennant Creek', 'admin2': 'Barkly', 'cc': 'AU', 'lat': '-19.6497', 'lon': '134.19147', 'admin1': 'Northern Territory'}]"
6,-18.010806,136.510866,"[{'name': 'Tennant Creek', 'admin2': 'Barkly', 'cc': 'AU', 'lat': '-19.6497', 'lon': '134.19147', 'admin1': 'Northern Territory'}]"
7,-18.499523,136.913095,"[{'name': 'Tennant Creek', 'admin2': 'Barkly', 'cc': 'AU', 'lat': '-19.6497', 'lon': '134.19147', 'admin1': 'Northern Territory'}]"
8,-19.035894,137.358465,"[{'name': 'Mount Isa', 'admin2': 'Mount Isa', 'cc': 'AU', 'lat': '-20.72523', 'lon': '139.49727', 'admin1': 'Queensland'}]"
9,-19.522356,137.766104,"[{'name': 'Mount Isa', 'admin2': 'Mount Isa', 'cc': 'AU', 'lat': '-20.72523', 'lon': '139.49727', 'admin1': 'Queensland'}]"
10,-20.007689,138.176434,"[{'name': 'Mount Isa', 'admin2': 'Mount Isa', 'cc': 'AU', 'lat': '-20.72523', 'lon': '139.49727', 'admin1': 'Queensland'}]"
11,-20.491852,138.589565,"[{'name': 'Mount Isa', 'admin2': 'Mount Isa', 'cc': 'AU', 'lat': '-20.72523', 'lon': '139.49727', 'admin1': 'Queensland'}]"
12,-20.974811,139.005565,"[{'name': 'Mount Isa', 'admin2': 'Mount Isa', 'cc': 'AU', 'lat': '-20.72523', 'lon': '139.49727', 'admin1': 'Queensland'}]"
13,-21.456527,139.424529,"[{'name': 'Mount Isa', 'admin2': 'Mount Isa', 'cc': 'AU', 'lat': '-20.72523', 'lon': '139.49727', 'admin1': 'Queensland'}]"
14,-21.936959,139.846539,"[{'name': 'Mount Isa', 'admin2': 'Mount Isa', 'cc': 'AU', 'lat': '-20.72523', 'lon': '139.49727', 'admin1': 'Queensland'}]"
15,-22.463905,140.314352,"[{'name': 'Cloncurry', 'admin2': 'Cloncurry', 'cc': 'AU', 'lat': '-20.70718', 'lon': '140.51303', 'admin1': 'Queensland'}]"
16,-22.941511,140.743042,"[{'name': 'Cloncurry', 'admin2': 'Cloncurry', 'cc': 'AU', 'lat': '-20.70718', 'lon': '140.51303', 'admin1': 'Queensland'}]"
17,-23.417707,141.175051,"[{'name': 'Cloncurry', 'admin2': 'Cloncurry', 'cc': 'AU', 'lat': '-20.70718', 'lon': '140.51303', 'admin1': 'Queensland'}]"
18,-23.892449,141.610462,"[{'name': 'Cloncurry', 'admin2': 'Cloncurry', 'cc': 'AU', 'lat': '-20.70718', 'lon': '140.51303', 'admin1': 'Queensland'}]"
19,-24.365698,142.049384,"[{'name': 'Innamincka', 'admin2': '', 'cc': 'AU', 'lat': '-27.70728', 'lon': '140.73697', 'admin1': 'South Australia'}]"
20,-24.837404,142.491912,"[{'name': 'Innamincka', 'admin2': '', 'cc': 'AU', 'lat': '-27.70728', 'lon': '140.73697', 'admin1': 'South Australia'}]"
21,-25.307524,142.938128,"[{'name': 'Innamincka', 'admin2': '', 'cc': 'AU', 'lat': '-27.70728', 'lon': '140.73697', 'admin1': 'South Australia'}]"
22,-25.822768,143.433331,"[{'name': 'Innamincka', 'admin2': '', 'cc': 'AU', 'lat': '-27.70728', 'lon': '140.73697', 'admin1': 'South Australia'}]"
23,-26.289407,143.88762,"[{'name': 'Innamincka', 'admin2': '', 'cc': 'AU', 'lat': '-27.70728', 'lon': '140.73697', 'admin1': 'South Australia'}]"
24,-26.75431,144.345898,"[{'name': 'Bourke', 'admin2': 'Bourke', 'cc': 'AU', 'lat': '-30.09011', 'lon': '145.93646', 'admin1': 'New South Wales'}]"
25,-27.217433,144.808261,"[{'name': 'Bourke', 'admin2': 'Bourke', 'cc': 'AU', 'lat': '-30.09011', 'lon': '145.93646', 'admin1': 'New South Wales'}]"
26,-27.678722,145.274831,"[{'name': 'Bourke', 'admin2': 'Bourke', 'cc': 'AU', 'lat': '-30.09011', 'lon': '145.93646', 'admin1': 'New South Wales'}]"
27,-28.138125,145.745691,"[{'name': 'Bourke', 'admin2': 'Bourke', 'cc': 'AU', 'lat': '-30.09011', 'lon': '145.93646', 'admin1': 'New South Wales'}]"
28,-28.595593,146.220963,"[{'name': 'Brewarrina', 'admin2': 'Brewarrina', 'cc': 'AU', 'lat': '-29.96067', 'lon': '146.85986', 'admin1': 'New South Wales'}]"
29,-29.096503,146.74895,"[{'name': 'Brewarrina', 'admin2': 'Brewarrina', 'cc': 'AU', 'lat': '-29.96067', 'lon': '146.85986', 'admin1': 'New South Wales'}]"
30,-29.549724,147.233798,"[{'name': 'Brewarrina', 'admin2': 'Brewarrina', 'cc': 'AU', 'lat': '-29.96067', 'lon': '146.85986', 'admin1': 'New South Wales'}]"
31,-30.000834,147.723372,"[{'name': 'Lightning Ridge', 'admin2': 'Walgett', 'cc': 'AU', 'lat': '-29.42743', 'lon': '147.97865', 'admin1': 'New South Wales'}]"
32,-30.449779,148.217782,"[{'name': 'Coonamble', 'admin2': 'Coonamble', 'cc': 'AU', 'lat': '-30.95389', 'lon': '148.38881', 'admin1': 'New South Wales'}]"
33,-30.896494,148.717124,"[{'name': 'Coonamble', 'admin2': 'Coonamble', 'cc': 'AU', 'lat': '-30.95389', 'lon': '148.38881', 'admin1': 'New South Wales'}]"
34,-31.340927,149.221533,"[{'name': 'Coonabarabran', 'admin2': 'Warrumbungle Shire', 'cc': 'AU', 'lat': '-31.27734', 'lon': '149.27904', 'admin1': 'New South Wales'}]"
35,-31.783008,149.731106,"[{'name': 'Dunedoo', 'admin2': 'Warrumbungle Shire', 'cc': 'AU', 'lat': '-32.01634', 'lon': '149.3871', 'admin1': 'New South Wales'}]"
36,-32.222678,150.245952,"[{'name': 'Merriwa', 'admin2': 'Upper Hunter Shire', 'cc': 'AU', 'lat': '-32.13922', 'lon': '150.35562', 'admin1': 'New South Wales'}]"
37,-32.703451,150.818527,"[{'name': 'Denman', 'admin2': 'Muswellbrook', 'cc': 'AU', 'lat': '-32.38788', 'lon': '150.68935', 'admin1': 'New South Wales'}]"
38,-33.137844,151.344821,"[{'name': 'Little Jilliby', 'admin2': 'Wyong Shire', 'cc': 'AU', 'lat': '-33.24066', 'lon': '151.37006', 'admin1': 'New South Wales'}]"
39,-33.569618,151.876742,"[{'name': 'Forresters Beach', 'admin2': 'Gosford Shire', 'cc': 'AU', 'lat': '-33.407', 'lon': '151.476', 'admin1': 'New South Wales'}]"
40,-33.998708,152.414415,"[{'name': 'Forresters Beach', 'admin2': 'Gosford Shire', 'cc': 'AU', 'lat': '-33.407', 'lon': '151.476', 'admin1': 'New South Wales'}]"
41,-34.425035,152.957947,"[{'name': 'North Bondi', 'admin2': 'Waverley', 'cc': 'AU', 'lat': '-33.88533', 'lon': '151.27522', 'admin1': 'New South Wales'}]"
42,33.99854,-39.39828,"[{'name': 'Ribeira Grande', 'admin2': '', 'cc': 'PT', 'lat': '38.51667', 'lon': '-28.7', 'admin1': 'Azores'}]"
43,34.425683,-38.85363,"[{'name': 'Ribeira Grande', 'admin2': '', 'cc': 'PT', 'lat': '38.51667', 'lon': '-28.7', 'admin1': 'Azores'}]"
44,34.849995,-38.30296,"[{'name': 'Ribeira Grande', 'admin2': '', 'cc': 'PT', 'lat': '38.51667', 'lon': '-28.7', 'admin1': 'Azores'}]"
45,35.271408,-37.746159,"[{'name': 'Ribeira Grande', 'admin2': '', 'cc': 'PT', 'lat': '38.51667', 'lon': '-28.7', 'admin1': 'Azores'}]"
46,35.689839,-37.183106,"[{'name': 'Ribeira Grande', 'admin2': '', 'cc': 'PT', 'lat': '38.51667', 'lon': '-28.7', 'admin1': 'Azores'}]"
47,36.105213,-36.613683,"[{'name': 'Ribeira Grande', 'admin2': '', 'cc': 'PT', 'lat': '38.51667', 'lon': '-28.7', 'admin1': 'Azores'}]"
48,36.558499,-35.979821,"[{'name': 'Ribeira Grande', 'admin2': '', 'cc': 'PT', 'lat': '38.51667', 'lon': '-28.7', 'admin1': 'Azores'}]"
49,36.96719,-35.396639,"[{'name': 'Ribeira Grande', 'admin2': '', 'cc': 'PT', 'lat': '38.51667', 'lon': '-28.7', 'admin1': 'Azores'}]"
50,37.372565,-34.806726,"[{'name': 'Ribeira Grande', 'admin2': '', 'cc': 'PT', 'lat': '38.51667', 'lon': '-28.7', 'admin1': 'Azores'}]"
51,37.774549,-34.209962,"[{'name': 'Ribeira Grande', 'admin2': '', 'cc': 'PT', 'lat': '38.51667', 'lon': '-28.7', 'admin1': 'Azores'}]"
52,38.173043,-33.606235,"[{'name': 'Ribeira Grande', 'admin2': '', 'cc': 'PT', 'lat': '38.51667', 'lon': '-28.7', 'admin1': 'Azores'}]"
53,38.567968,-32.995428,"[{'name': 'Ribeira Grande', 'admin2': '', 'cc': 'PT', 'lat': '38.51667', 'lon': '-28.7', 'admin1': 'Azores'}]"
54,38.959225,-32.377426,"[{'name': 'Ribeira Grande', 'admin2': '', 'cc': 'PT', 'lat': '38.51667', 'lon': '-28.7', 'admin1': 'Azores'}]"
55,39.385261,-31.689182,"[{'name': 'Ribeira Grande', 'admin2': '', 'cc': 'PT', 'lat': '38.51667', 'lon': '-28.7', 'admin1': 'Azores'}]"
56,39.76852,-31.055712,"[{'name': 'Ribeira Grande', 'admin2': '', 'cc': 'PT', 'lat': '38.51667', 'lon': '-28.7', 'admin1': 'Azores'}]"
57,40.147818,-30.414709,"[{'name': 'Ribeira Grande', 'admin2': '', 'cc': 'PT', 'lat': '38.51667', 'lon': '-28.7', 'admin1': 'Azores'}]"
58,40.523055,-29.766063,"[{'name': 'Ribeira Grande', 'admin2': '', 'cc': 'PT', 'lat': '38.51667', 'lon': '-28.7', 'admin1': 'Azores'}]"
59,40.894139,-29.109672,"[{'name': 'Lagoa', 'admin2': 'Santa Cruz da Graciosa', 'cc': 'PT', 'lat': '39.05', 'lon': '-27.98333', 'admin1': 'Azores'}]"
60,41.260958,-28.445438,"[{'name': 'Lagoa', 'admin2': 'Santa Cruz da Graciosa', 'cc': 'PT', 'lat': '39.05', 'lon': '-27.98333', 'admin1': 'Azores'}]"
61,41.623415,-27.77326,"[{'name': 'Lagoa', 'admin2': 'Santa Cruz da Graciosa', 'cc': 'PT', 'lat': '39.05', 'lon': '-27.98333', 'admin1': 'Azores'}]"
62,42.01695,-27.024581,"[{'name': 'Lagoa', 'admin2': 'Santa Cruz da Graciosa', 'cc': 'PT', 'lat': '39.05', 'lon': '-27.98333', 'admin1': 'Azores'}]"
63,42.369893,-26.335425,"[{'name': 'Biscoitos', 'admin2': 'Praia da Vitoria', 'cc': 'PT', 'lat': '38.78333', 'lon': '-27.25', 'admin1': 'Azores'}]"
64,42.718138,-25.638049,"[{'name': 'Praia da Vitoria', 'admin2': 'Praia da Vitoria', 'cc': 'PT', 'lat': '38.73333', 'lon': '-27.06667', 'admin1': 'Azores'}]"
65,43.061573,-24.932374,"[{'name': 'Praia da Vitoria', 'admin2': 'Praia da Vitoria', 'cc': 'PT', 'lat': '38.73333', 'lon': '-27.06667', 'admin1': 'Azores'}]"
66,43.400084,-24.218326,"[{'name': 'Praia da Vitoria', 'admin2': 'Praia da Vitoria', 'cc': 'PT', 'lat': '38.73333', 'lon': '-27.06667', 'admin1': 'Azores'}]"
67,43.733561,-23.495834,"[{'name': 'Praia da Vitoria', 'admin2': 'Praia da Vitoria', 'cc': 'PT', 'lat': '38.73333', 'lon': '-27.06667', 'admin1': 'Azores'}]"
68,44.061882,-22.764834,"[{'name': 'Furnas', 'admin2': 'Povoacao', 'cc': 'PT', 'lat': '37.77567', 'lon': '-25.31035', 'admin1': 'Azores'}]"
69,44.384929,-22.025272,"[{'name': 'Furnas', 'admin2': 'Povoacao', 'cc': 'PT', 'lat': '37.77567', 'lon': '-25.31035', 'admin1': 'Azores'}]"
70,44.734054,-21.201805,"[{'name': 'Furnas', 'admin2': 'Povoacao', 'cc': 'PT', 'lat': '37.77567', 'lon': '-25.31035', 'admin1': 'Azores'}]"
71,45.045647,-20.444109,"[{'name': 'Furnas', 'admin2': 'Povoacao', 'cc': 'PT', 'lat': '37.77567', 'lon': '-25.31035', 'admin1': 'Azores'}]"
72,45.351595,-19.677722,"[{'name': 'Furnas', 'admin2': 'Povoacao', 'cc': 'PT', 'lat': '37.77567', 'lon': '-25.31035', 'admin1': 'Azores'}]"
73,45.651775,-18.902619,"[{'name': 'Mugia', 'admin2': 'Provincia da Coruna', 'cc': 'ES', 'lat': '43.10414', 'lon': '-9.21791', 'admin1': 'Galicia'}]"
74,45.946068,-18.118786,"[{'name': 'Mugia', 'admin2': 'Provincia da Coruna', 'cc': 'ES', 'lat': '43.10414', 'lon': '-9.21791', 'admin1': 'Galicia'}]"
75,46.234346,-17.326218,"[{'name': 'Mugia', 'admin2': 'Provincia da Coruna', 'cc': 'ES', 'lat': '43.10414', 'lon': '-9.21791', 'admin1': 'Galicia'}]"
76,46.516484,-16.524919,"[{'name': 'Mugia', 'admin2': 'Provincia da Coruna', 'cc': 'ES', 'lat': '43.10414', 'lon': '-9.21791', 'admin1': 'Galicia'}]"
77,46.819598,-15.633424,"[{'name': 'Mugia', 'admin2': 'Provincia da Coruna', 'cc': 'ES', 'lat': '43.10414', 'lon': '-9.21791', 'admin1': 'Galicia'}]"
78,47.088437,-14.813854,"[{'name': 'Cahersiveen', 'admin2': 'Ciarrai', 'cc': 'IE', 'lat': '51.94861', 'lon': '-10.22222', 'admin1': 'Munster'}]"
79,47.350747,-13.985638,"[{'name': 'Cahersiveen', 'admin2': 'Ciarrai', 'cc': 'IE', 'lat': '51.94861', 'lon': '-10.22222', 'admin1': 'Munster'}]"
80,47.606401,-13.14883,"[{'name': 'Cahersiveen', 'admin2': 'Ciarrai', 'cc': 'IE', 'lat': '51.94861', 'lon': '-10.22222', 'admin1': 'Munster'}]"
81,47.879787,-12.218494,"[{'name': 'Cahersiveen', 'admin2': 'Ciarrai', 'cc': 'IE', 'lat': '51.94861', 'lon': '-10.22222', 'admin1': 'Munster'}]"
82,48.121056,-11.363867,"[{'name': 'Farranacoush', 'admin2': '', 'cc': 'IE', 'lat': '51.48304', 'lon': '-9.41228', 'admin1': ''}]"
83,48.355284,-10.500892,"[{'name': 'Farranacoush', 'admin2': '', 'cc': 'IE', 'lat': '51.48304', 'lon': '-9.41228', 'admin1': ''}]"
84,48.582347,-9.629677,"[{'name': 'Farranacoush', 'admin2': '', 'cc': 'IE', 'lat': '51.48304', 'lon': '-9.41228', 'admin1': ''}]"
85,48.802118,-8.750343,"[{'name': 'Hugh Town', 'admin2': 'Isles of Scilly', 'cc': 'GB', 'lat': '49.91447', 'lon': '-6.31145', 'admin1': 'England'}]"
86,49.035304,-7.773862,"[{'name': 'Hugh Town', 'admin2': 'Isles of Scilly', 'cc': 'GB', 'lat': '49.91447', 'lon': '-6.31145', 'admin1': 'England'}]"
87,49.239377,-6.87794,"[{'name': 'Hugh Town', 'admin2': 'Isles of Scilly', 'cc': 'GB', 'lat': '49.91447', 'lon': '-6.31145', 'admin1': 'England'}]"
88,49.435786,-5.974373,"[{'name': ""St Mary's"", 'admin2': 'Isles of Scilly', 'cc': 'GB', 'lat': '49.91719', 'lon': '-6.29517', 'admin1': 'England'}]"
89,49.624425,-5.063344,"[{'name': 'Landewednack', 'admin2': 'Cornwall', 'cc': 'GB', 'lat': '49.96969', 'lon': '-5.19718', 'admin1': 'England'}]"
90,49.805176,-4.145053,"[{'name': 'Wembury', 'admin2': 'Devon', 'cc': 'GB', 'lat': '50.32272', 'lon': '-4.07529', 'admin1': 'England'}]"
91,49.994758,-3.126802,"[{'name': 'Brixham', 'admin2': 'Borough of Torbay', 'cc': 'GB', 'lat': '50.39431', 'lon': '-3.51585', 'admin1': 'England'}]"
92,50.158587,-2.19398,"[{'name': 'Easton', 'admin2': 'Dorset', 'cc': 'GB', 'lat': '50.53333', 'lon': '-2.45', 'admin1': 'England'}]"
93,50.314199,-1.254613,"[{'name': 'Niton', 'admin2': 'Isle of Wight', 'cc': 'GB', 'lat': '50.58702', 'lon': '-1.28489', 'admin1': 'England'}]"
94,50.461492,-0.308966,"[{'name': 'Worthing', 'admin2': 'West Sussex', 'cc': 'GB', 'lat': '50.81795', 'lon': '-0.37538', 'admin1': 'England'}]"
95,50.60037,0.642683,"[{'name': 'Hastings', 'admin2': 'East Sussex', 'cc': 'GB', 'lat': '50.85519', 'lon': '0.57292', 'admin1': 'England'}]"
96,50.730745,1.600041,"[{'name': 'Saint-Martin-Boulogne', 'admin2': 'Departement du Pas-de-Calais', 'cc': 'FR', 'lat': '50.72691', 'lon': '1.61864', 'admin1': 'Nord-Pas-de-Calais'}]"
97,50.864224,2.659362,"[{'name': 'Poperinge', 'admin2': 'Provincie West-Vlaanderen', 'cc': 'BE', 'lat': '50.85386', 'lon': '2.72659', 'admin1': 'Flanders'}]"
98,50.976454,3.627691,"[{'name': 'De Pinte', 'admin2': 'Provincie Oost-Vlaanderen', 'cc': 'BE', 'lat': '50.99339', 'lon': '3.64747', 'admin1': 'Flanders'}]"
99,51.079925,4.600733,"[{'name': 'Putte', 'admin2': 'Provincie Antwerpen', 'cc': 'BE', 'lat': '51.05337', 'lon': '4.63263', 'admin1': 'Flanders'}]"
100,51.174561,5.578136,"[{'name': 'Bocholt', 'admin2': 'Provincie Limburg', 'cc': 'BE', 'lat': '51.17337', 'lon': '5.57994', 'admin1': 'Flanders'}]"
101,51.260297,6.559542,"[{'name': 'Willich', 'admin2': 'Regierungsbezirk Dusseldorf', 'cc': 'DE', 'lat': '51.26371', 'lon': '6.54734', 'admin1': 'North Rhine-Westphalia'}]"
102,51.344253,7.643268,"[{'name': 'Nachrodt-Wiblingwerde', 'admin2': 'Regierungsbezirk Arnsberg', 'cc': 'DE', 'lat': '51.31667', 'lon': '7.61667', 'admin1': 'North Rhine-Westphalia'}]"
103,51.411107,8.631858,"[{'name': 'Brilon', 'admin2': 'Regierungsbezirk Arnsberg', 'cc': 'DE', 'lat': '51.39462', 'lon': '8.57146', 'admin1': 'North Rhine-Westphalia'}]"
104,51.468894,9.623268,"[{'name': 'Hannoversch Munden', 'admin2': '', 'cc': 'DE', 'lat': '51.41505', 'lon': '9.65046', 'admin1': 'Lower Saxony'}]"
105,51.517569,10.617097,"[{'name': 'Etzelsrode', 'admin2': '', 'cc': 'DE', 'lat': '51.5', 'lon': '10.61667', 'admin1': 'Thuringia'}]"
106,51.557099,11.612939,"[{'name': 'Polleben', 'admin2': '', 'cc': 'DE', 'lat': '51.57966', 'lon': '11.59931', 'admin1': 'Saxony-Anhalt'}]"
107,51.587452,12.610384,"[{'name': 'Bad Duben', 'admin2': '', 'cc': 'DE', 'lat': '51.59174', 'lon': '12.58492', 'admin1': 'Saxony'}]"
108,51.610217,13.708924,"[{'name': 'Finsterwalde', 'admin2': '', 'cc': 'DE', 'lat': '51.63388', 'lon': '13.70662', 'admin1': 'Brandenburg'}]"
109,51.621238,14.70837,"[{'name': 'Bad Muskau', 'admin2': '', 'cc': 'DE', 'lat': '51.55051', 'lon': '14.7124', 'admin1': 'Saxony'}]"
110,51.623038,15.708113,"[{'name': 'Nowe Miasteczko', 'admin2': 'Powiat nowosolski', 'cc': 'PL', 'lat': '51.69097', 'lon': '15.73174', 'admin1': 'Lubusz'}]"
111,51.61561,16.707732,"[{'name': 'Wasosz', 'admin2': 'Powiat gorowski', 'cc': 'PL', 'lat': '51.56224', 'lon': '16.69059', 'admin1': 'Lower Silesian Voivodeship'}]"
112,51.598965,17.706803,"[{'name': 'Odolanow', 'admin2': 'Powiat ostrowski', 'cc': 'PL', 'lat': '51.57419', 'lon': '17.67434', 'admin1': 'Greater Poland Voivodeship'}]"
113,51.573112,18.704903,"[{'name': 'Sieradz', 'admin2': 'Powiat sieradzki', 'cc': 'PL', 'lat': '51.59584', 'lon': '18.73023', 'admin1': 'Lodz Voivodeship'}]"
114,51.538073,19.701616,"[{'name': 'Moszczenica', 'admin2': 'Powiat piotrkowski', 'cc': 'PL', 'lat': '51.50297', 'lon': '19.71986', 'admin1': 'Lodz Voivodeship'}]"
115,51.488947,20.795899,"[{'name': 'Potworow', 'admin2': 'Powiat przysuski', 'cc': 'PL', 'lat': '51.50874', 'lon': '20.72176', 'admin1': 'Masovian Voivodeship'}]"
116,51.434702,21.78835,"[{'name': 'Przylek', 'admin2': 'Powiat zwolenski', 'cc': 'PL', 'lat': '51.30856', 'lon': '21.74744', 'admin1': 'Masovian Voivodeship'}]"
117,51.371372,22.778145,"[{'name': 'Spiczyn', 'admin2': 'Powiat leczynski', 'cc': 'PL', 'lat': '51.34128', 'lon': '22.75354', 'admin1': 'Lublin Voivodeship'}]"
118,51.299,23.764887,"[{'name': 'Wola Uhruska', 'admin2': 'Powiat wlodawski', 'cc': 'PL', 'lat': '51.32139', 'lon': '23.62627', 'admin1': 'Lublin Voivodeship'}]"
119,51.217635,24.748192,"[{'name': ""Kovel'"", 'admin2': '', 'cc': 'UA', 'lat': '51.21526', 'lon': '24.70867', 'admin1': 'Volyn'}]"
120,51.12734,25.727683,"[{'name': 'Manevychi', 'admin2': '', 'cc': 'UA', 'lat': '51.29405', 'lon': '25.53436', 'admin1': 'Volyn'}]"
121,51.017774,26.800283,"[{'name': 'Berezne', 'admin2': '', 'cc': 'UA', 'lat': '51.00094', 'lon': '26.75106', 'admin1': 'Rivne'}]"
122,50.908935,27.770586,"[{'name': ""Yemil'chyne"", 'admin2': '', 'cc': 'UA', 'lat': '50.87349', 'lon': '27.80604', 'admin1': 'Zhytomyr'}]"
123,50.791377,28.735979,"[{'name': 'Nova Borova', 'admin2': '', 'cc': 'UA', 'lat': '50.69296', 'lon': '28.63446', 'admin1': 'Zhytomyr'}]"
124,50.665182,29.696133,"[{'name': 'Piskivka', 'admin2': '', 'cc': 'UA', 'lat': '50.69378', 'lon': '29.61934', 'admin1': 'Kiev'}]"
125,50.530433,30.650733,"[{'name': 'Kiev', 'admin2': '', 'cc': 'UA', 'lat': '50.45466', 'lon': '30.5238', 'admin1': 'Kyiv City'}]"
126,50.387221,31.599481,"[{'name': 'Korniyivka', 'admin2': '', 'cc': 'UA', 'lat': '50.41661', 'lon': '31.46261', 'admin1': 'Kiev'}]"
127,50.235642,32.542088,"[{'name': 'Pyryatyn', 'admin2': '', 'cc': 'UA', 'lat': '50.24242', 'lon': '32.50621', 'admin1': 'Poltava'}]"
128,50.075788,33.478281,"[{'name': 'Myrhorod', 'admin2': '', 'cc': 'UA', 'lat': '49.96854', 'lon': '33.60886', 'admin1': 'Poltava'}]"
129,49.890519,34.500385,"[{'name': ""Dykan'ka"", 'admin2': '', 'cc': 'UA', 'lat': '49.82501', 'lon': '34.52787', 'admin1': 'Poltava'}]"
130,49.713631,35.422304,"[{'name': 'Kolomak', 'admin2': '', 'cc': 'UA', 'lat': '49.83987', 'lon': '35.30441', 'admin1': 'Kharkiv'}]"
131,49.528796,36.337067,"[{'name': 'Zmiyiv', 'admin2': '', 'cc': 'UA', 'lat': '49.67453', 'lon': '36.34775', 'admin1': 'Kharkiv'}]"
132,49.336126,37.244472,"[{'name': 'Izyum', 'admin2': '', 'cc': 'UA', 'lat': '49.20875', 'lon': '37.24849', 'admin1': 'Kharkiv'}]"
133,49.135739,38.144318,"[{'name': 'Kreminna', 'admin2': '', 'cc': 'UA', 'lat': '49.0495', 'lon': '38.21792', 'admin1': 'Luhansk'}]"
134,48.927743,39.036437,"[{'name': 'Novoaydar', 'admin2': '', 'cc': 'UA', 'lat': '48.96391', 'lon': '39.00583', 'admin1': 'Luhansk'}]"
135,48.690308,40.008649,"[{'name': 'Krasnovka', 'admin2': '', 'cc': 'RU', 'lat': '48.81769', 'lon': '40.09226', 'admin1': 'Rostov'}]"
136,48.466735,40.88403,"[{'name': 'Gornyatskiy', 'admin2': '', 'cc': 'RU', 'lat': '48.29147', 'lon': '40.9575', 'admin1': 'Rostov'}]"
137,48.23593,41.751232,"[{'name': 'Morozovsk', 'admin2': '', 'cc': 'RU', 'lat': '48.35502', 'lon': '41.82627', 'admin1': 'Rostov'}]"
138,47.998014,42.610139,"[{'name': 'Oblivskaya', 'admin2': '', 'cc': 'RU', 'lat': '48.53616', 'lon': '42.50138', 'admin1': 'Rostov'}]"
139,47.753117,43.460651,"[{'name': ""Kotel'nikovo"", 'admin2': '', 'cc': 'RU', 'lat': '47.63009', 'lon': '43.14068', 'admin1': 'Volgograd'}]"
140,47.501357,44.302683,"[{'name': 'Sovetskoye', 'admin2': '', 'cc': 'RU', 'lat': '47.30868', 'lon': '44.52162', 'admin1': 'Kalmykiya'}]"
141,47.21665,45.219035,"[{'name': 'Sovetskoye', 'admin2': '', 'cc': 'RU', 'lat': '47.30868', 'lon': '44.52162', 'admin1': 'Kalmykiya'}]"
142,46.950898,46.043033,"[{'name': 'Tsagan Aman', 'admin2': '', 'cc': 'RU', 'lat': '47.5639', 'lon': '46.7218', 'admin1': 'Kalmykiya'}]"
143,46.678674,46.858366,"[{'name': 'Yenotayevka', 'admin2': '', 'cc': 'RU', 'lat': '47.24559', 'lon': '47.02814', 'admin1': 'Astrakhan'}]"
144,46.400108,47.665001,"[{'name': 'Krasnyye Barrikady', 'admin2': '', 'cc': 'RU', 'lat': '46.2045', 'lon': '47.8535', 'admin1': 'Astrakhan'}]"
145,46.115323,48.462914,"[{'name': 'Volodarskiy', 'admin2': '', 'cc': 'RU', 'lat': '46.40134', 'lon': '48.54093', 'admin1': 'Astrakhan'}]"
146,45.795028,49.330532,"[{'name': 'Maloye Ganyushkino', 'admin2': '', 'cc': 'KZ', 'lat': '46.6', 'lon': '49.26667', 'admin1': 'Atyrau'}]"
147,45.497594,50.110106,"[{'name': 'Bautino', 'admin2': '', 'cc': 'KZ', 'lat': '44.54479', 'lon': '50.24629', 'admin1': 'Mangghystau'}]"
148,45.194327,50.880958,"[{'name': 'Bautino', 'admin2': '', 'cc': 'KZ', 'lat': '44.54479', 'lon': '50.24629', 'admin1': 'Mangghystau'}]"
149,44.88535,51.643105,"[{'name': 'Taushyq', 'admin2': '', 'cc': 'KZ', 'lat': '44.34678', 'lon': '51.34932', 'admin1': 'Mangghystau'}]"
150,44.570789,52.396577,"[{'name': 'Shetpe', 'admin2': '', 'cc': 'KZ', 'lat': '44.16667', 'lon': '52.11667', 'admin1': 'Mangghystau'}]"
151,44.21846,53.215425,"[{'name': 'Sayotesh', 'admin2': '', 'cc': 'KZ', 'lat': '44.32781', 'lon': '53.53246', 'admin1': 'Mangghystau'}]"
152,43.892558,53.95081,"[{'name': 'Sayotesh', 'admin2': '', 'cc': 'KZ', 'lat': '44.32781', 'lon': '53.53246', 'admin1': 'Mangghystau'}]"
153,43.56144,54.677662,"[{'name': 'Sayotesh', 'admin2': '', 'cc': 'KZ', 'lat': '44.32781', 'lon': '53.53246', 'admin1': 'Mangghystau'}]"
154,43.225224,55.396038,"[{'name': 'Beyneu', 'admin2': '', 'cc': 'KZ', 'lat': '45.31667', 'lon': '55.2', 'admin1': 'Mangghystau'}]"
155,42.884022,56.106005,"[{'name': 'Beyneu', 'admin2': '', 'cc': 'KZ', 'lat': '45.31667', 'lon': '55.2', 'admin1': 'Mangghystau'}]"
156,42.53795,56.807636,"[{'name': ""Qo'ng'irot Shahri"", 'admin2': '', 'cc': 'UZ', 'lat': '43.05207', 'lon': '58.84596', 'admin1': 'Karakalpakstan'}]"
157,42.187118,57.501006,"[{'name': 'Shumanay Shahri', 'admin2': '', 'cc': 'UZ', 'lat': '42.63433', 'lon': '58.9306', 'admin1': 'Karakalpakstan'}]"
158,41.83164,58.186204,"[{'name': 'Koeneuergench', 'admin2': '', 'cc': 'TM', 'lat': '42.32773', 'lon': '59.15442', 'admin1': 'Dasoguz'}]"
159,41.471625,58.863308,"[{'name': 'Akdepe', 'admin2': '', 'cc': 'TM', 'lat': '42.05513', 'lon': '59.37877', 'admin1': ''}]"
160,41.070491,59.598885,"[{'name': 'Tagta', 'admin2': '', 'cc': 'TM', 'lat': '41.65041', 'lon': '59.9164', 'admin1': 'Dasoguz'}]"
161,40.701292,60.25931,"[{'name': 'Khiwa', 'admin2': '', 'cc': 'UZ', 'lat': '41.37833', 'lon': '60.36389', 'admin1': 'Xorazm'}]"
162,40.327875,60.911934,"[{'name': 'Gazojak', 'admin2': '', 'cc': 'TM', 'lat': '41.18746', 'lon': '61.4036', 'admin1': 'Lebap'}]"
163,39.95035,61.556861,"[{'name': 'Gazojak', 'admin2': '', 'cc': 'TM', 'lat': '41.18746', 'lon': '61.4036', 'admin1': 'Lebap'}]"
164,39.568812,62.194207,"[{'name': 'Seydi', 'admin2': '', 'cc': 'TM', 'lat': '39.4816', 'lon': '62.91374', 'admin1': 'Mary'}]"
165,39.183361,62.824073,"[{'name': 'Seydi', 'admin2': '', 'cc': 'TM', 'lat': '39.4816', 'lon': '62.91374', 'admin1': 'Mary'}]"
166,38.754958,63.50841,"[{'name': 'Turkmenabat', 'admin2': '', 'cc': 'TM', 'lat': '39.07328', 'lon': '63.57861', 'admin1': 'Lebap'}]"
167,38.361594,64.122922,"[{'name': 'Sayat', 'admin2': '', 'cc': 'TM', 'lat': '38.78393', 'lon': '63.88035', 'admin1': 'Lebap'}]"
168,37.964609,64.730304,"[{'name': 'Atamyrat', 'admin2': '', 'cc': 'TM', 'lat': '37.83573', 'lon': '65.21058', 'admin1': 'Lebap'}]"
169,37.564094,65.330657,"[{'name': 'Atamyrat', 'admin2': '', 'cc': 'TM', 'lat': '37.83573', 'lon': '65.21058', 'admin1': 'Lebap'}]"
170,37.160133,65.924105,"[{'name': 'Mingajik', 'admin2': '', 'cc': 'AF', 'lat': '37.0279', 'lon': '66.12817', 'admin1': 'Jowzjan'}]"
171,36.752811,66.510763,"[{'name': 'Faizabad', 'admin2': '', 'cc': 'AF', 'lat': '36.82091', 'lon': '66.45921', 'admin1': 'Jowzjan'}]"
172,36.300984,67.148382,"[{'name': 'Dehi', 'admin2': '', 'cc': 'AF', 'lat': '35.95806', 'lon': '67.27998', 'admin1': 'Samangan'}]"
173,35.886886,67.721162,"[{'name': 'Duab', 'admin2': '', 'cc': 'AF', 'lat': '35.56277', 'lon': '67.82191', 'admin1': 'Samangan'}]"
174,35.469688,68.287507,"[{'name': 'Bazar-e Talah', 'admin2': '', 'cc': 'AF', 'lat': '35.39205', 'lon': '68.22317', 'admin1': 'Wilayat-e Baghlan'}]"
175,35.049467,68.847549,"[{'name': 'Siyahgird', 'admin2': '', 'cc': 'AF', 'lat': '35.00553', 'lon': '68.85578', 'admin1': 'Parvan'}]"
176,34.6263,69.401395,"[{'name': 'Pul-e Sangi', 'admin2': '', 'cc': 'AF', 'lat': '34.59972', 'lon': '69.25993', 'admin1': 'Kabul'}]"
177,34.15751,70.00362,"[{'name': 'Mama Khel', 'admin2': '', 'cc': 'AF', 'lat': '34.24494', 'lon': '69.9968', 'admin1': 'Nangarhar'}]"
178,33.728406,70.544844,"[{'name': 'Alizai', 'admin2': '', 'cc': 'PK', 'lat': '33.53613', 'lon': '70.34607', 'admin1': 'Federally Administered Tribal Areas'}]"
179,33.296592,71.080242,"[{'name': 'Karak', 'admin2': '', 'cc': 'PK', 'lat': '33.11738', 'lon': '71.0949', 'admin1': 'Khyber Pakhtunkhwa'}]"
180,32.86213,71.609923,"[{'name': 'Daud Khel', 'admin2': '', 'cc': 'PK', 'lat': '32.87498', 'lon': '71.57013', 'admin1': 'Punjab'}]"
181,32.425094,72.13401,"[{'name': 'Mitha Tiwana', 'admin2': '', 'cc': 'PK', 'lat': '32.24861', 'lon': '72.11083', 'admin1': 'Punjab'}]"
182,31.985554,72.652613,"[{'name': 'Sargodha', 'admin2': '', 'cc': 'PK', 'lat': '32.08361', 'lon': '72.67111', 'admin1': 'Punjab'}]"
183,31.543572,73.165847,"[{'name': 'Jhumra', 'admin2': '', 'cc': 'PK', 'lat': '31.56781', 'lon': '73.18347', 'admin1': 'Punjab'}]"
184,31.05465,73.724345,"[{'name': 'Pattoki', 'admin2': '', 'cc': 'PK', 'lat': '31.01667', 'lon': '73.85', 'admin1': 'Punjab'}]"
185,30.607751,74.226671,"[{'name': 'Jalalabad', 'admin2': 'Ferozepur', 'cc': 'IN', 'lat': '30.60622', 'lon': '74.25727', 'admin1': 'Punjab'}]"
186,30.158608,74.723977,"[{'name': 'Giddarbaha', 'admin2': 'Muktsar', 'cc': 'IN', 'lat': '30.19953', 'lon': '74.66627', 'admin1': 'Punjab'}]"
187,29.707283,75.216372,"[{'name': 'Sardulgarh', 'admin2': 'Mansa', 'cc': 'IN', 'lat': '29.69224', 'lon': '75.23608', 'admin1': 'Punjab'}]"
188,29.253833,75.703973,"[{'name': 'Hisar', 'admin2': 'Hisar', 'cc': 'IN', 'lat': '29.15394', 'lon': '75.72294', 'admin1': 'Haryana'}]"
189,28.798314,76.186874,"[{'name': 'Bhiwani', 'admin2': 'Bhiwani', 'cc': 'IN', 'lat': '28.79776', 'lon': '76.13833', 'admin1': 'Haryana'}]"
190,28.294923,76.712778,"[{'name': 'Pataudi', 'admin2': 'Gurgaon', 'cc': 'IN', 'lat': '28.32547', 'lon': '76.77858', 'admin1': 'Haryana'}]"
191,27.835246,77.186171,"[{'name': 'Punahana', 'admin2': 'Mewat', 'cc': 'IN', 'lat': '27.86349', 'lon': '77.20434', 'admin1': 'Haryana'}]"
192,27.373672,77.655201,"[{'name': 'Gokul', 'admin2': 'Mathura', 'cc': 'IN', 'lat': '27.43879', 'lon': '77.71983', 'admin1': 'Uttar Pradesh'}]"
193,26.910254,78.119968,"[{'name': 'Rajakhera', 'admin2': 'Dhaulpur', 'cc': 'IN', 'lat': '26.89802', 'lon': '78.171', 'admin1': 'Rajasthan'}]"
194,26.445044,78.580575,"[{'name': 'Mahgawan', 'admin2': 'Bhind', 'cc': 'IN', 'lat': '26.49471', 'lon': '78.61593', 'admin1': 'Madhya Pradesh'}]"
195,25.978095,79.037125,"[{'name': 'Konch', 'admin2': 'Jalaun', 'cc': 'IN', 'lat': '25.99451', 'lon': '79.15127', 'admin1': 'Uttar Pradesh'}]"
196,25.509452,79.489714,"[{'name': 'Rath', 'admin2': 'Hamirpur', 'cc': 'IN', 'lat': '25.59453', 'lon': '79.56632', 'admin1': 'Uttar Pradesh'}]"
197,25.039164,79.938444,"[{'name': 'Rajnagar', 'admin2': 'Chhatarpur', 'cc': 'IN', 'lat': '24.89037', 'lon': '79.91282', 'admin1': 'Madhya Pradesh'}]"
198,24.520007,80.427704,"[{'name': 'Nagod', 'admin2': 'Satna', 'cc': 'IN', 'lat': '24.5705', 'lon': '80.58655', 'admin1': 'Madhya Pradesh'}]"
199,24.04642,80.868641,"[{'name': 'Barhi', 'admin2': 'Katni', 'cc': 'IN', 'lat': '23.903', 'lon': '80.81483', 'admin1': 'Madhya Pradesh'}]"
200,23.571335,81.306012,"[{'name': 'Jaisinghnagar', 'admin2': 'Shahdol', 'cc': 'IN', 'lat': '23.68582', 'lon': '81.39085', 'admin1': 'Madhya Pradesh'}]"
201,23.094791,81.73992,"[{'name': 'Anuppur', 'admin2': 'Anuppur', 'cc': 'IN', 'lat': '23.10344', 'lon': '81.69083', 'admin1': 'Madhya Pradesh'}]"
202,22.616836,82.170447,"[{'name': 'Pasan', 'admin2': 'Korba', 'cc': 'IN', 'lat': '22.8436', 'lon': '82.19919', 'admin1': 'Chhattisgarh'}]"
203,22.137509,82.597689,"[{'name': 'Champa', 'admin2': 'Janjgir-Champa', 'cc': 'IN', 'lat': '22.03593', 'lon': '82.64248', 'admin1': 'Chhattisgarh'}]"
204,21.656855,83.021742,"[{'name': 'Sarangarh', 'admin2': 'Raigarh', 'cc': 'IN', 'lat': '21.58548', 'lon': '83.07958', 'admin1': 'Chhattisgarh'}]"
205,21.126649,83.48461,"[{'name': 'Barpali', 'admin2': 'Baragarh', 'cc': 'IN', 'lat': '21.2', 'lon': '83.58333', 'admin1': 'Odisha'}]"
206,20.643337,83.902235,"[{'name': 'Sonepur', 'admin2': 'Subarnapur', 'cc': 'IN', 'lat': '20.83333', 'lon': '83.91667', 'admin1': 'Odisha'}]"
207,20.15882,84.316937,"[{'name': 'Udaigiri', 'admin2': 'Kandhamal', 'cc': 'IN', 'lat': '20.12345', 'lon': '84.36906', 'admin1': 'Odisha'}]"
208,19.673137,84.728797,"[{'name': 'Polasara', 'admin2': 'Ganjam', 'cc': 'IN', 'lat': '19.69386', 'lon': '84.81401', 'admin1': 'Odisha'}]"
209,19.186326,85.137905,"[{'name': 'Ganjam', 'admin2': 'Ganjam', 'cc': 'IN', 'lat': '19.38705', 'lon': '85.05079', 'admin1': 'Odisha'}]"
210,18.649574,85.584845,"[{'name': 'Ganjam', 'admin2': 'Ganjam', 'cc': 'IN', 'lat': '19.38705', 'lon': '85.05079', 'admin1': 'Odisha'}]"
211,18.160513,85.988441,"[{'name': 'Gopalpur', 'admin2': 'Ganjam', 'cc': 'IN', 'lat': '19.25861', 'lon': '84.90517', 'admin1': 'Odisha'}]"
212,17.670435,86.389537,"[{'name': 'Gopalpur', 'admin2': 'Ganjam', 'cc': 'IN', 'lat': '19.25861', 'lon': '84.90517', 'admin1': 'Odisha'}]"
213,17.179379,86.788215,"[{'name': 'Puri', 'admin2': 'Puri', 'cc': 'IN', 'lat': '19.79825', 'lon': '85.82494', 'admin1': 'Odisha'}]"
214,16.687375,87.184558,"[{'name': 'Konarka', 'admin2': 'Puri', 'cc': 'IN', 'lat': '19.89758', 'lon': '86.11413', 'admin1': 'Odisha'}]"
215,16.194459,87.578639,"[{'name': 'Konarka', 'admin2': 'Puri', 'cc': 'IN', 'lat': '19.89758', 'lon': '86.11413', 'admin1': 'Odisha'}]"
216,15.700665,87.970535,"[{'name': 'Konarka', 'admin2': 'Puri', 'cc': 'IN', 'lat': '19.89758', 'lon': '86.11413', 'admin1': 'Odisha'}]"
217,15.156514,88.399184,"[{'name': 'Konarka', 'admin2': 'Puri', 'cc': 'IN', 'lat': '19.89758', 'lon': '86.11413', 'admin1': 'Odisha'}]"
218,14.660981,88.786742,"[{'name': 'Bamboo Flat', 'admin2': '', 'cc': 'IN', 'lat': '11.7', 'lon': '92.71667', 'admin1': 'Andaman and Nicobar Islands'}]"
219,14.164667,89.172354,"[{'name': 'Bamboo Flat', 'admin2': '', 'cc': 'IN', 'lat': '11.7', 'lon': '92.71667', 'admin1': 'Andaman and Nicobar Islands'}]"
220,13.667606,89.556088,"[{'name': 'Bamboo Flat', 'admin2': '', 'cc': 'IN', 'lat': '11.7', 'lon': '92.71667', 'admin1': 'Andaman and Nicobar Islands'}]"
221,13.169827,89.938019,"[{'name': 'Bamboo Flat', 'admin2': '', 'cc': 'IN', 'lat': '11.7', 'lon': '92.71667', 'admin1': 'Andaman and Nicobar Islands'}]"
222,12.621479,90.356149,"[{'name': 'Bamboo Flat', 'admin2': '', 'cc': 'IN', 'lat': '11.7', 'lon': '92.71667', 'admin1': 'Andaman and Nicobar Islands'}]"
223,12.122294,90.734535,"[{'name': 'Bamboo Flat', 'admin2': '', 'cc': 'IN', 'lat': '11.7', 'lon': '92.71667', 'admin1': 'Andaman and Nicobar Islands'}]"
224,11.622484,91.111343,"[{'name': 'Bamboo Flat', 'admin2': '', 'cc': 'IN', 'lat': '11.7', 'lon': '92.71667', 'admin1': 'Andaman and Nicobar Islands'}]"
225,11.122079,91.486634,"[{'name': 'Bamboo Flat', 'admin2': '', 'cc': 'IN', 'lat': '11.7', 'lon': '92.71667', 'admin1': 'Andaman and Nicobar Islands'}]"
226,10.621108,91.860491,"[{'name': 'Port Blair', 'admin2': 'South Andaman', 'cc': 'IN', 'lat': '11.66667', 'lon': '92.75', 'admin1': 'Andaman and Nicobar Islands'}]"
227,10.119599,92.232983,"[{'name': 'Port Blair', 'admin2': 'South Andaman', 'cc': 'IN', 'lat': '11.66667', 'lon': '92.75', 'admin1': 'Andaman and Nicobar Islands'}]"
228,9.567351,92.641216,"[{'name': 'Port Blair', 'admin2': 'South Andaman', 'cc': 'IN', 'lat': '11.66667', 'lon': '92.75', 'admin1': 'Andaman and Nicobar Islands'}]"
229,9.064803,93.01105,"[{'name': 'Port Blair', 'admin2': 'South Andaman', 'cc': 'IN', 'lat': '11.66667', 'lon': '92.75', 'admin1': 'Andaman and Nicobar Islands'}]"
230,8.561803,93.379724,"[{'name': 'Port Blair', 'admin2': 'South Andaman', 'cc': 'IN', 'lat': '11.66667', 'lon': '92.75', 'admin1': 'Andaman and Nicobar Islands'}]"
231,8.05838,93.747304,"[{'name': 'Sabang', 'admin2': '', 'cc': 'ID', 'lat': '5.88969', 'lon': '95.31644', 'admin1': 'Aceh'}]"
232,7.554558,94.11386,"[{'name': 'Sabang', 'admin2': '', 'cc': 'ID', 'lat': '5.88969', 'lon': '95.31644', 'admin1': 'Aceh'}]"
233,6.999927,94.51596,"[{'name': 'Sabang', 'admin2': '', 'cc': 'ID', 'lat': '5.88969', 'lon': '95.31644', 'admin1': 'Aceh'}]"
234,6.495358,94.880576,"[{'name': 'Sabang', 'admin2': '', 'cc': 'ID', 'lat': '5.88969', 'lon': '95.31644', 'admin1': 'Aceh'}]"
235,5.990472,95.244365,"[{'name': 'Sabang', 'admin2': '', 'cc': 'ID', 'lat': '5.88969', 'lon': '95.31644', 'admin1': 'Aceh'}]"
236,5.485297,95.607403,"[{'name': 'Seulimeum', 'admin2': '', 'cc': 'ID', 'lat': '5.3618', 'lon': '95.5765', 'admin1': 'Aceh'}]"
237,4.979858,95.969745,"[{'name': 'Mane', 'admin2': '', 'cc': 'ID', 'lat': '4.93789', 'lon': '96.0063', 'admin1': 'Aceh'}]"
238,4.474182,96.331458,"[{'name': 'Pantai Ceuremen', 'admin2': '', 'cc': 'ID', 'lat': '4.36901', 'lon': '96.19555', 'admin1': 'Aceh'}]"
239,3.968294,96.692604,"[{'name': 'Babah Rot', 'admin2': '', 'cc': 'ID', 'lat': '3.9288', 'lon': '96.68902', 'admin1': 'Aceh'}]"
240,3.462218,97.053252,"[{'name': 'Meukek', 'admin2': '', 'cc': 'ID', 'lat': '3.47608', 'lon': '97.06235', 'admin1': 'Aceh'}]"
241,2.90535,97.449458,"[{'name': 'Bakungan', 'admin2': '', 'cc': 'ID', 'lat': '2.92397', 'lon': '97.48311', 'admin1': 'Aceh'}]"
242,2.398964,97.809258,"[{'name': 'Kuala Baru Sungai', 'admin2': '', 'cc': 'ID', 'lat': '2.40779', 'lon': '97.74047', 'admin1': 'Aceh'}]"
243,1.89247,98.168752,"[{'name': 'Barus', 'admin2': '', 'cc': 'ID', 'lat': '2.0106', 'lon': '98.3982', 'admin1': 'North Sumatra'}]"
244,1.385892,98.528006,"[{'name': 'Sibolga', 'admin2': '', 'cc': 'ID', 'lat': '1.74016', 'lon': '98.78117', 'admin1': 'North Sumatra'}]"
245,0.879256,98.887076,"[{'name': 'Natal', 'admin2': '', 'cc': 'ID', 'lat': '0.5632', 'lon': '99.1099', 'admin1': 'North Sumatra'}]"
246,0.372586,99.24603,"[{'name': 'Air Bangis', 'admin2': '', 'cc': 'ID', 'lat': '0.2018', 'lon': '99.37985', 'admin1': 'West Sumatra'}]"
247,-0.134093,99.604936,"[{'name': 'Air Bangis', 'admin2': '', 'cc': 'ID', 'lat': '0.2018', 'lon': '99.37985', 'admin1': 'West Sumatra'}]"
248,-0.640755,99.963848,"[{'name': 'Pariaman', 'admin2': '', 'cc': 'ID', 'lat': '-0.61898', 'lon': '100.11997', 'admin1': 'West Sumatra'}]"
249,-1.198035,100.358736,"[{'name': 'Pasarbaru', 'admin2': '', 'cc': 'ID', 'lat': '-1.3051', 'lon': '100.50995', 'admin1': 'West Sumatra'}]"
250,-1.704583,100.717867,"[{'name': 'Kambang', 'admin2': '', 'cc': 'ID', 'lat': '-1.6904', 'lon': '100.7209', 'admin1': 'West Sumatra'}]"
251,-2.211036,101.07721,"[{'name': 'Siulakderasmudik', 'admin2': '', 'cc': 'ID', 'lat': '-1.9067', 'lon': '101.2303', 'admin1': 'Jambi'}]"
252,-2.717372,101.436813,"[{'name': 'Ipuh', 'admin2': '', 'cc': 'ID', 'lat': '-3.0067', 'lon': '101.4836', 'admin1': 'Bengkulu'}]"
253,-3.223563,101.79675,"[{'name': 'Ketahun', 'admin2': '', 'cc': 'ID', 'lat': '-3.3897', 'lon': '101.8352', 'admin1': 'Bengkulu'}]"
254,-3.729586,102.157077,"[{'name': 'Bengkulu', 'admin2': '', 'cc': 'ID', 'lat': '-3.80044', 'lon': '102.26554', 'admin1': 'Bengkulu'}]"
255,-4.235415,102.517854,"[{'name': 'Tais', 'admin2': '', 'cc': 'ID', 'lat': '-4.07543', 'lon': '102.57739', 'admin1': 'Bengkulu'}]"
256,-4.791573,102.915316,"[{'name': 'Padangguci', 'admin2': '', 'cc': 'ID', 'lat': '-4.58891', 'lon': '103.14425', 'admin1': 'Bengkulu'}]"
257,-5.296912,103.277269,"[{'name': 'Bintuhan', 'admin2': '', 'cc': 'ID', 'lat': '-4.79371', 'lon': '103.34836', 'admin1': 'Bengkulu'}]"
258,-5.801979,103.639863,"[{'name': 'Biha', 'admin2': '', 'cc': 'ID', 'lat': '-5.3296', 'lon': '104.0295', 'admin1': 'Lampung'}]"
259,-6.306747,104.003181,"[{'name': 'Biha', 'admin2': '', 'cc': 'ID', 'lat': '-5.3296', 'lon': '104.0295', 'admin1': 'Lampung'}]"
260,-6.81119,104.367285,"[{'name': 'Cangkeuteuk Sabrang', 'admin2': '', 'cc': 'ID', 'lat': '-6.7267', 'lon': '105.6259', 'admin1': 'Banten'}]"
261,-7.315283,104.732229,"[{'name': 'Tugu Hilir', 'admin2': '', 'cc': 'ID', 'lat': '-6.8092', 'lon': '105.6292', 'admin1': 'Banten'}]"
262,-7.818999,105.098088,"[{'name': 'Tugu Hilir', 'admin2': '', 'cc': 'ID', 'lat': '-6.8092', 'lon': '105.6292', 'admin1': 'Banten'}]"
263,-8.37262,105.50167,"[{'name': 'Gunungbatu', 'admin2': '', 'cc': 'ID', 'lat': '-7.3337', 'lon': '106.4372', 'admin1': 'West Java'}]"
264,-8.875459,105.86966,"[{'name': 'Flying Fish Cove', 'admin2': '', 'cc': 'CX', 'lat': '-10.42172', 'lon': '105.67912', 'admin1': ''}]"
265,-9.377837,106.238764,"[{'name': 'Flying Fish Cove', 'admin2': '', 'cc': 'CX', 'lat': '-10.42172', 'lon': '105.67912', 'admin1': ''}]"
266,-9.879729,106.609055,"[{'name': 'Flying Fish Cove', 'admin2': '', 'cc': 'CX', 'lat': '-10.42172', 'lon': '105.67912', 'admin1': ''}]"
267,-10.381106,106.980597,"[{'name': 'Flying Fish Cove', 'admin2': '', 'cc': 'CX', 'lat': '-10.42172', 'lon': '105.67912', 'admin1': ''}]"
268,-10.881942,107.353464,"[{'name': 'Flying Fish Cove', 'admin2': '', 'cc': 'CX', 'lat': '-10.42172', 'lon': '105.67912', 'admin1': ''}]"
269,-11.432202,107.765222,"[{'name': 'Flying Fish Cove', 'admin2': '', 'cc': 'CX', 'lat': '-10.42172', 'lon': '105.67912', 'admin1': ''}]"
270,-11.931807,108.141081,"[{'name': 'Flying Fish Cove', 'admin2': '', 'cc': 'CX', 'lat': '-10.42172', 'lon': '105.67912', 'admin1': ''}]"
271,-12.430781,108.518469,"[{'name': 'Flying Fish Cove', 'admin2': '', 'cc': 'CX', 'lat': '-10.42172', 'lon': '105.67912', 'admin1': ''}]"
272,-12.929097,108.897469,"[{'name': 'Flying Fish Cove', 'admin2': '', 'cc': 'CX', 'lat': '-10.42172', 'lon': '105.67912', 'admin1': ''}]"
273,-13.476447,109.316303,"[{'name': 'Flying Fish Cove', 'admin2': '', 'cc': 'CX', 'lat': '-10.42172', 'lon': '105.67912', 'admin1': ''}]"
274,-13.973281,109.698903,"[{'name': 'Flying Fish Cove', 'admin2': '', 'cc': 'CX', 'lat': '-10.42172', 'lon': '105.67912', 'admin1': ''}]"
275,-14.469363,110.083327,"[{'name': 'Flying Fish Cove', 'admin2': '', 'cc': 'CX', 'lat': '-10.42172', 'lon': '105.67912', 'admin1': ''}]"
276,-14.964663,110.469656,"[{'name': 'Flying Fish Cove', 'admin2': '', 'cc': 'CX', 'lat': '-10.42172', 'lon': '105.67912', 'admin1': ''}]"
277,-15.459146,110.857959,"[{'name': 'Ngulung Kulon', 'admin2': '', 'cc': 'ID', 'lat': '-8.3044', 'lon': '111.507', 'admin1': 'East Java'}]"
278,-16.002102,111.287462,"[{'name': 'Dampier', 'admin2': 'Roebourne', 'cc': 'AU', 'lat': '-20.66275', 'lon': '116.71256', 'admin1': 'Western Australia'}]"
279,-16.494772,111.680157,"[{'name': 'Dampier', 'admin2': 'Roebourne', 'cc': 'AU', 'lat': '-20.66275', 'lon': '116.71256', 'admin1': 'Western Australia'}]"
280,-16.986527,112.075058,"[{'name': 'Dampier', 'admin2': 'Roebourne', 'cc': 'AU', 'lat': '-20.66275', 'lon': '116.71256', 'admin1': 'Western Australia'}]"
281,-17.477336,112.472247,"[{'name': 'Dampier', 'admin2': 'Roebourne', 'cc': 'AU', 'lat': '-20.66275', 'lon': '116.71256', 'admin1': 'Western Australia'}]"
282,-17.967163,112.871806,"[{'name': 'Dampier', 'admin2': 'Roebourne', 'cc': 'AU', 'lat': '-20.66275', 'lon': '116.71256', 'admin1': 'Western Australia'}]"
283,-18.455972,113.273811,"[{'name': 'Dampier', 'admin2': 'Roebourne', 'cc': 'AU', 'lat': '-20.66275', 'lon': '116.71256', 'admin1': 'Western Australia'}]"
284,-18.943731,113.678335,"[{'name': 'Dampier', 'admin2': 'Roebourne', 'cc': 'AU', 'lat': '-20.66275', 'lon': '116.71256', 'admin1': 'Western Australia'}]"
285,-19.47901,114.126328,"[{'name': 'Dampier', 'admin2': 'Roebourne', 'cc': 'AU', 'lat': '-20.66275', 'lon': '116.71256', 'admin1': 'Western Australia'}]"
286,-19.964445,114.536426,"[{'name': 'Dampier', 'admin2': 'Roebourne', 'cc': 'AU', 'lat': '-20.66275', 'lon': '116.71256', 'admin1': 'Western Australia'}]"
287,-20.448716,114.949297,"[{'name': 'Dampier', 'admin2': 'Roebourne', 'cc': 'AU', 'lat': '-20.66275', 'lon': '116.71256', 'admin1': 'Western Australia'}]"
288,-20.931784,115.365037,"[{'name': 'Dampier', 'admin2': 'Roebourne', 'cc': 'AU', 'lat': '-20.66275', 'lon': '116.71256', 'admin1': 'Western Australia'}]"
289,-21.413613,115.783741,"[{'name': 'Dampier', 'admin2': 'Roebourne', 'cc': 'AU', 'lat': '-20.66275', 'lon': '116.71256', 'admin1': 'Western Australia'}]"
290,-21.894161,116.205464,"[{'name': 'Nickol', 'admin2': 'Roebourne', 'cc': 'AU', 'lat': '-20.74558', 'lon': '116.7954', 'admin1': 'Western Australia'}]"
291,-22.421238,116.672977,"[{'name': 'Tom Price', 'admin2': 'Ashburton', 'cc': 'AU', 'lat': '-22.6939', 'lon': '117.7931', 'admin1': 'Western Australia'}]"
292,-22.898969,117.101367,"[{'name': 'Tom Price', 'admin2': 'Ashburton', 'cc': 'AU', 'lat': '-22.6939', 'lon': '117.7931', 'admin1': 'Western Australia'}]"
293,-23.375293,117.533076,"[{'name': 'Tom Price', 'admin2': 'Ashburton', 'cc': 'AU', 'lat': '-22.6939', 'lon': '117.7931', 'admin1': 'Western Australia'}]"
294,-23.850169,117.968186,"[{'name': 'Tom Price', 'admin2': 'Ashburton', 'cc': 'AU', 'lat': '-22.6939', 'lon': '117.7931', 'admin1': 'Western Australia'}]"
295,-24.323552,118.406793,"[{'name': 'Newman', 'admin2': 'East Pilbara', 'cc': 'AU', 'lat': '-23.35644', 'lon': '119.73553', 'admin1': 'Western Australia'}]"
296,-24.795397,118.848994,"[{'name': 'Newman', 'admin2': 'East Pilbara', 'cc': 'AU', 'lat': '-23.35644', 'lon': '119.73553', 'admin1': 'Western Australia'}]"
297,-25.312599,119.339661,"[{'name': 'Newman', 'admin2': 'East Pilbara', 'cc': 'AU', 'lat': '-23.35644', 'lon': '119.73553', 'admin1': 'Western Australia'}]"
298,-25.78107,119.789715,"[{'name': 'Newman', 'admin2': 'East Pilbara', 'cc': 'AU', 'lat': '-23.35644', 'lon': '119.73553', 'admin1': 'Western Australia'}]"
299,-26.24786,120.243636,"[{'name': 'Newman', 'admin2': 'East Pilbara', 'cc': 'AU', 'lat': '-23.35644', 'lon': '119.73553', 'admin1': 'Western Australia'}]"
300,-26.712921,120.701559,"[{'name': 'Newman', 'admin2': 'East Pilbara', 'cc': 'AU', 'lat': '-23.35644', 'lon': '119.73553', 'admin1': 'Western Australia'}]"
301,-27.176206,121.163553,"[{'name': 'Kalgoorlie', 'admin2': 'Kalgoorlie/Boulder', 'cc': 'AU', 'lat': '-30.74614', 'lon': '121.4742', 'admin1': 'Western Australia'}]"
302,-27.63766,121.629741,"[{'name': 'Kalgoorlie', 'admin2': 'Kalgoorlie/Boulder', 'cc': 'AU', 'lat': '-30.74614', 'lon': '121.4742', 'admin1': 'Western Australia'}]"
303,-28.097236,122.100218,"[{'name': 'Kalgoorlie', 'admin2': 'Kalgoorlie/Boulder', 'cc': 'AU', 'lat': '-30.74614', 'lon': '121.4742', 'admin1': 'Western Australia'}]"
304,-28.600534,122.622823,"[{'name': 'Stoneville', 'admin2': 'Kalgoorlie/Boulder', 'cc': 'AU', 'lat': '-30.86667', 'lon': '121.76667', 'admin1': 'Western Australia'}]"
305,-29.055987,123.102644,"[{'name': 'Stoneville', 'admin2': 'Kalgoorlie/Boulder', 'cc': 'AU', 'lat': '-30.86667', 'lon': '121.76667', 'admin1': 'Western Australia'}]"
306,-29.509392,123.587068,"[{'name': 'Stoneville', 'admin2': 'Kalgoorlie/Boulder', 'cc': 'AU', 'lat': '-30.86667', 'lon': '121.76667', 'admin1': 'Western Australia'}]"
307,-29.960697,124.076219,"[{'name': 'Stoneville', 'admin2': 'Kalgoorlie/Boulder', 'cc': 'AU', 'lat': '-30.86667', 'lon': '121.76667', 'admin1': 'Western Australia'}]"
308,-30.409836,124.570192,"[{'name': 'Stoneville', 'admin2': 'Kalgoorlie/Boulder', 'cc': 'AU', 'lat': '-30.86667', 'lon': '121.76667', 'admin1': 'Western Australia'}]"
309,-30.856752,125.069097,"[{'name': 'Stoneville', 'admin2': 'Kalgoorlie/Boulder', 'cc': 'AU', 'lat': '-30.86667', 'lon': '121.76667', 'admin1': 'Western Australia'}]"
310,-31.301391,125.573055,"[{'name': 'Stoneville', 'admin2': 'Kalgoorlie/Boulder', 'cc': 'AU', 'lat': '-30.86667', 'lon': '121.76667', 'admin1': 'Western Australia'}]"
311,-31.743687,126.082164,"[{'name': 'Stoneville', 'admin2': 'Kalgoorlie/Boulder', 'cc': 'AU', 'lat': '-30.86667', 'lon': '121.76667', 'admin1': 'Western Australia'}]"
312,-32.227428,126.648264,"[{'name': 'Esperance', 'admin2': 'Esperance Shire', 'cc': 'AU', 'lat': '-33.86013', 'lon': '121.88259', 'admin1': 'Western Australia'}]"
313,-32.664594,127.16856,"[{'name': 'Esperance', 'admin2': 'Esperance Shire', 'cc': 'AU', 'lat': '-33.86013', 'lon': '121.88259', 'admin1': 'Western Australia'}]"
314,-33.09922,127.694362,"[{'name': 'Esperance', 'admin2': 'Esperance Shire', 'cc': 'AU', 'lat': '-33.86013', 'lon': '121.88259', 'admin1': 'Western Australia'}]"
315,-33.531229,128.225791,"[{'name': 'Ceduna', 'admin2': 'Ceduna', 'cc': 'AU', 'lat': '-32.1266', 'lon': '133.67271', 'admin1': 'South Australia'}]"
316,-33.960561,128.762945,"[{'name': 'Ceduna', 'admin2': 'Ceduna', 'cc': 'AU', 'lat': '-32.1266', 'lon': '133.67271', 'admin1': 'South Australia'}]"
317,-34.387141,129.305945,"[{'name': 'Ceduna', 'admin2': 'Ceduna', 'cc': 'AU', 'lat': '-32.1266', 'lon': '133.67271', 'admin1': 'South Australia'}]"
318,34.345251,-62.560202,"[{'name': 'Saint George', 'admin2': '', 'cc': 'BM', 'lat': '32.38167', 'lon': '-64.67806', 'admin1': 'Saint George'}]"
319,34.770106,-62.01068,"[{'name': 'Saint George', 'admin2': '', 'cc': 'BM', 'lat': '32.38167', 'lon': '-64.67806', 'admin1': 'Saint George'}]"
320,35.234105,-61.399145,"[{'name': 'Saint George', 'admin2': '', 'cc': 'BM', 'lat': '32.38167', 'lon': '-64.67806', 'admin1': 'Saint George'}]"
321,35.652802,-60.836652,"[{'name': 'Saint George', 'admin2': '', 'cc': 'BM', 'lat': '32.38167', 'lon': '-64.67806', 'admin1': 'Saint George'}]"
322,36.068453,-60.2678,"[{'name': 'Saint George', 'admin2': '', 'cc': 'BM', 'lat': '32.38167', 'lon': '-64.67806', 'admin1': 'Saint George'}]"
323,36.480969,-59.692472,"[{'name': 'Saint George', 'admin2': '', 'cc': 'BM', 'lat': '32.38167', 'lon': '-64.67806', 'admin1': 'Saint George'}]"
324,36.931028,-59.051985,"[{'name': 'Saint George', 'admin2': '', 'cc': 'BM', 'lat': '32.38167', 'lon': '-64.67806', 'admin1': 'Saint George'}]"
325,37.336703,-58.462676,"[{'name': 'Saint George', 'admin2': '', 'cc': 'BM', 'lat': '32.38167', 'lon': '-64.67806', 'admin1': 'Saint George'}]"
326,37.738988,-57.866531,"[{'name': 'Port Hawkesbury', 'admin2': '', 'cc': 'CA', 'lat': '45.61685', 'lon': '-61.34853', 'admin1': 'Nova Scotia'}]"
327,38.177482,-57.202725,"[{'name': 'Glace Bay', 'admin2': '', 'cc': 'CA', 'lat': '46.19695', 'lon': '-59.95698', 'admin1': 'Nova Scotia'}]"
328,38.611654,-56.530354,"[{'name': 'Saint-Pierre', 'admin2': '', 'cc': 'PM', 'lat': '46.77914', 'lon': '-56.1773', 'admin1': 'Saint-Pierre'}]"
329,39.002498,-55.911546,"[{'name': 'Saint-Pierre', 'admin2': '', 'cc': 'PM', 'lat': '46.77914', 'lon': '-56.1773', 'admin1': 'Saint-Pierre'}]"
330,39.389575,-55.285423,"[{'name': 'Saint-Pierre', 'admin2': '', 'cc': 'PM', 'lat': '46.77914', 'lon': '-56.1773', 'admin1': 'Saint-Pierre'}]"
331,39.772786,-54.651868,"[{'name': 'Saint-Pierre', 'admin2': '', 'cc': 'PM', 'lat': '46.77914', 'lon': '-56.1773', 'admin1': 'Saint-Pierre'}]"
332,40.152039,-54.01078,"[{'name': 'Saint-Pierre', 'admin2': '', 'cc': 'PM', 'lat': '46.77914', 'lon': '-56.1773', 'admin1': 'Saint-Pierre'}]"
333,40.527231,-53.362048,"[{'name': 'Saint-Pierre', 'admin2': '', 'cc': 'PM', 'lat': '46.77914', 'lon': '-56.1773', 'admin1': 'Saint-Pierre'}]"
334,40.935137,-52.639493,"[{'name': 'Conception Bay South', 'admin2': '', 'cc': 'CA', 'lat': '47.49989', 'lon': '-52.99806', 'admin1': 'Newfoundland and Labrador'}]"
335,41.301478,-51.974383,"[{'name': 'Mount Pearl', 'admin2': '', 'cc': 'CA', 'lat': '47.51659', 'lon': '-52.78135', 'admin1': 'Newfoundland and Labrador'}]"
336,41.66344,-51.301315,"[{'name': 'Mount Pearl', 'admin2': '', 'cc': 'CA', 'lat': '47.51659', 'lon': '-52.78135', 'admin1': 'Newfoundland and Labrador'}]"
337,42.020922,-50.620205,"[{'name': 'Mount Pearl', 'admin2': '', 'cc': 'CA', 'lat': '47.51659', 'lon': '-52.78135', 'admin1': 'Newfoundland and Labrador'}]"
338,42.408846,-49.861583,"[{'name': 'Mount Pearl', 'admin2': '', 'cc': 'CA', 'lat': '47.51659', 'lon': '-52.78135', 'admin1': 'Newfoundland and Labrador'}]"
339,42.756564,-49.163288,"[{'name': ""St. John's"", 'admin2': '', 'cc': 'CA', 'lat': '47.56494', 'lon': '-52.70931', 'admin1': 'Newfoundland and Labrador'}]"
340,43.099457,-48.456688,"[{'name': ""St. John's"", 'admin2': '', 'cc': 'CA', 'lat': '47.56494', 'lon': '-52.70931', 'admin1': 'Newfoundland and Labrador'}]"
341,43.437414,-47.741704,"[{'name': ""St. John's"", 'admin2': '', 'cc': 'CA', 'lat': '47.56494', 'lon': '-52.70931', 'admin1': 'Newfoundland and Labrador'}]"
342,43.770321,-47.018268,"[{'name': ""St. John's"", 'admin2': '', 'cc': 'CA', 'lat': '47.56494', 'lon': '-52.70931', 'admin1': 'Newfoundland and Labrador'}]"
343,44.098061,-46.286321,"[{'name': ""St. John's"", 'admin2': '', 'cc': 'CA', 'lat': '47.56494', 'lon': '-52.70931', 'admin1': 'Newfoundland and Labrador'}]"
344,44.420518,-45.545805,"[{'name': ""St. John's"", 'admin2': '', 'cc': 'CA', 'lat': '47.56494', 'lon': '-52.70931', 'admin1': 'Newfoundland and Labrador'}]"
345,44.737568,-44.79667,"[{'name': ""St. John's"", 'admin2': '', 'cc': 'CA', 'lat': '47.56494', 'lon': '-52.70931', 'admin1': 'Newfoundland and Labrador'}]"
346,45.079942,-43.962622,"[{'name': ""St. John's"", 'admin2': '', 'cc': 'CA', 'lat': '47.56494', 'lon': '-52.70931', 'admin1': 'Newfoundland and Labrador'}]"
347,45.385255,-43.195267,"[{'name': ""St. John's"", 'admin2': '', 'cc': 'CA', 'lat': '47.56494', 'lon': '-52.70931', 'admin1': 'Newfoundland and Labrador'}]"
348,45.684789,-42.419194,"[{'name': ""St. John's"", 'admin2': '', 'cc': 'CA', 'lat': '47.56494', 'lon': '-52.70931', 'admin1': 'Newfoundland and Labrador'}]"
349,45.978419,-41.634391,"[{'name': ""St. John's"", 'admin2': '', 'cc': 'CA', 'lat': '47.56494', 'lon': '-52.70931', 'admin1': 'Newfoundland and Labrador'}]"
350,46.266018,-40.84085,"[{'name': ""St. John's"", 'admin2': '', 'cc': 'CA', 'lat': '47.56494', 'lon': '-52.70931', 'admin1': 'Newfoundland and Labrador'}]"
351,46.547466,-40.038583,"[{'name': ""St. John's"", 'admin2': '', 'cc': 'CA', 'lat': '47.56494', 'lon': '-52.70931', 'admin1': 'Newfoundland and Labrador'}]"
352,46.822637,-39.2276,"[{'name': 'Ribeira Grande', 'admin2': '', 'cc': 'PT', 'lat': '38.51667', 'lon': '-28.7', 'admin1': 'Azores'}]"
353,47.091405,-38.407936,"[{'name': 'Ribeira Grande', 'admin2': '', 'cc': 'PT', 'lat': '38.51667', 'lon': '-28.7', 'admin1': 'Azores'}]"
354,47.379499,-37.496321,"[{'name': 'Ribeira Grande', 'admin2': '', 'cc': 'PT', 'lat': '38.51667', 'lon': '-28.7', 'admin1': 'Azores'}]"
355,47.634405,-36.658561,"[{'name': 'Ribeira Grande', 'admin2': '', 'cc': 'PT', 'lat': '38.51667', 'lon': '-28.7', 'admin1': 'Azores'}]"
356,47.882519,-35.812283,"[{'name': 'Ribeira Grande', 'admin2': '', 'cc': 'PT', 'lat': '38.51667', 'lon': '-28.7', 'admin1': 'Azores'}]"
357,48.123713,-34.957564,"[{'name': 'Lagoa', 'admin2': 'Santa Cruz da Graciosa', 'cc': 'PT', 'lat': '39.05', 'lon': '-27.98333', 'admin1': 'Azores'}]"
358,48.357859,-34.094498,"[{'name': 'Lagoa', 'admin2': 'Santa Cruz da Graciosa', 'cc': 'PT', 'lat': '39.05', 'lon': '-27.98333', 'admin1': 'Azores'}]"
359,48.58484,-33.223191,"[{'name': 'Lagoa', 'admin2': 'Santa Cruz da Graciosa', 'cc': 'PT', 'lat': '39.05', 'lon': '-27.98333', 'admin1': 'Azores'}]"
360,48.826092,-32.255384,"[{'name': 'Lagoa', 'admin2': 'Santa Cruz da Graciosa', 'cc': 'PT', 'lat': '39.05', 'lon': '-27.98333', 'admin1': 'Azores'}]"
361,49.037623,-31.36719,"[{'name': 'Lagoa', 'admin2': 'Santa Cruz da Graciosa', 'cc': 'PT', 'lat': '39.05', 'lon': '-27.98333', 'admin1': 'Azores'}]"
362,49.24161,-30.471181,"[{'name': 'Lagoa', 'admin2': 'Santa Cruz da Graciosa', 'cc': 'PT', 'lat': '39.05', 'lon': '-27.98333', 'admin1': 'Azores'}]"
363,49.437937,-29.56753,"[{'name': 'Lagoa', 'admin2': 'Santa Cruz da Graciosa', 'cc': 'PT', 'lat': '39.05', 'lon': '-27.98333', 'admin1': 'Azores'}]"
364,49.626485,-28.656421,"[{'name': 'Lagoa', 'admin2': 'Santa Cruz da Graciosa', 'cc': 'PT', 'lat': '39.05', 'lon': '-27.98333', 'admin1': 'Azores'}]"
365,49.807146,-27.738052,"[{'name': 'Lagoa', 'admin2': 'Santa Cruz da Graciosa', 'cc': 'PT', 'lat': '39.05', 'lon': '-27.98333', 'admin1': 'Azores'}]"
366,49.99663,-26.719717,"[{'name': 'Lagoa', 'admin2': 'Santa Cruz da Graciosa', 'cc': 'PT', 'lat': '39.05', 'lon': '-27.98333', 'admin1': 'Azores'}]"
367,50.16037,-25.786821,"[{'name': 'Lagoa', 'admin2': 'Santa Cruz da Graciosa', 'cc': 'PT', 'lat': '39.05', 'lon': '-27.98333', 'admin1': 'Azores'}]"
368,50.31589,-24.847383,"[{'name': 'Lagoa', 'admin2': 'Santa Cruz da Graciosa', 'cc': 'PT', 'lat': '39.05', 'lon': '-27.98333', 'admin1': 'Azores'}]"
369,50.46309,-23.90167,"[{'name': 'Lagoa', 'admin2': 'Santa Cruz da Graciosa', 'cc': 'PT', 'lat': '39.05', 'lon': '-27.98333', 'admin1': 'Azores'}]"
370,50.601873,-22.949955,"[{'name': 'Praia da Vitoria', 'admin2': 'Praia da Vitoria', 'cc': 'PT', 'lat': '38.73333', 'lon': '-27.06667', 'admin1': 'Azores'}]"
371,50.732149,-21.992536,"[{'name': 'Dingle', 'admin2': 'Ciarrai', 'cc': 'IE', 'lat': '52.14083', 'lon': '-10.26889', 'admin1': 'Munster'}]"
372,50.853832,-21.029719,"[{'name': 'Dingle', 'admin2': 'Ciarrai', 'cc': 'IE', 'lat': '52.14083', 'lon': '-10.26889', 'admin1': 'Munster'}]"
373,50.966837,-20.061825,"[{'name': 'Dingle', 'admin2': 'Ciarrai', 'cc': 'IE', 'lat': '52.14083', 'lon': '-10.26889', 'admin1': 'Munster'}]"
374,51.081028,-18.991679,"[{'name': 'Dingle', 'admin2': 'Ciarrai', 'cc': 'IE', 'lat': '52.14083', 'lon': '-10.26889', 'admin1': 'Munster'}]"
375,51.175565,-18.014229,"[{'name': 'Dingle', 'admin2': 'Ciarrai', 'cc': 'IE', 'lat': '52.14083', 'lon': '-10.26889', 'admin1': 'Munster'}]"
376,51.261202,-17.032783,"[{'name': 'Dingle', 'admin2': 'Ciarrai', 'cc': 'IE', 'lat': '52.14083', 'lon': '-10.26889', 'admin1': 'Munster'}]"
377,51.337877,-16.047709,"[{'name': 'Dingle', 'admin2': 'Ciarrai', 'cc': 'IE', 'lat': '52.14083', 'lon': '-10.26889', 'admin1': 'Munster'}]"
378,51.405534,-15.059389,"[{'name': 'Dingle', 'admin2': 'Ciarrai', 'cc': 'IE', 'lat': '52.14083', 'lon': '-10.26889', 'admin1': 'Munster'}]"
379,51.464126,-14.068214,"[{'name': 'Dingle', 'admin2': 'Ciarrai', 'cc': 'IE', 'lat': '52.14083', 'lon': '-10.26889', 'admin1': 'Munster'}]"
380,51.513615,-13.074585,"[{'name': 'Dingle', 'admin2': 'Ciarrai', 'cc': 'IE', 'lat': '52.14083', 'lon': '-10.26889', 'admin1': 'Munster'}]"
381,51.557488,-11.97924,"[{'name': 'Cahersiveen', 'admin2': 'Ciarrai', 'cc': 'IE', 'lat': '51.94861', 'lon': '-10.22222', 'admin1': 'Munster'}]"
382,51.587739,-10.981781,"[{'name': 'Cahersiveen', 'admin2': 'Ciarrai', 'cc': 'IE', 'lat': '51.94861', 'lon': '-10.22222', 'admin1': 'Munster'}]"
383,51.608793,-9.983144,"[{'name': 'Cahersiveen', 'admin2': 'Ciarrai', 'cc': 'IE', 'lat': '51.94861', 'lon': '-10.22222', 'admin1': 'Munster'}]"
384,51.620633,-8.983746,"[{'name': 'Derry', 'admin2': 'County Cork', 'cc': 'IE', 'lat': '51.58666', 'lon': '-9.05026', 'admin1': 'Munster'}]"
385,51.623249,-7.984013,"[{'name': 'Cloyne', 'admin2': 'County Cork', 'cc': 'IE', 'lat': '51.86278', 'lon': '-8.12444', 'admin1': 'Munster'}]"
386,51.616645,-6.984367,"[{'name': 'Dunmore East', 'admin2': 'Waterford', 'cc': 'IE', 'lat': '52.15139', 'lon': '-6.98611', 'admin1': 'Munster'}]"
387,51.600816,-5.985231,"[{'name': 'Ballygerry', 'admin2': 'Loch Garman', 'cc': 'IE', 'lat': '52.24917', 'lon': '-6.35739', 'admin1': 'Leinster'}]"
388,51.572774,-4.887276,"[{'name': 'Pembroke', 'admin2': 'Pembrokeshire', 'cc': 'GB', 'lat': '51.67464', 'lon': '-4.91286', 'admin1': 'Wales'}]"
389,51.53763,-3.890583,"[{'name': 'Swansea', 'admin2': 'City and County of Swansea', 'cc': 'GB', 'lat': '51.62079', 'lon': '-3.94323', 'admin1': 'Wales'}]"
390,51.493325,-2.895699,"[{'name': 'Goldcliff', 'admin2': 'Newport', 'cc': 'GB', 'lat': '51.54222', 'lon': '-2.91778', 'admin1': 'Wales'}]"
391,51.439893,-1.903032,"[{'name': 'Avebury', 'admin2': 'Wiltshire', 'cc': 'GB', 'lat': '51.41667', 'lon': '-1.86667', 'admin1': 'England'}]"
392,51.377366,-0.912987,"[{'name': 'Arborfield', 'admin2': 'West Berkshire', 'cc': 'GB', 'lat': '51.40143', 'lon': '-0.92006', 'admin1': 'England'}]"
393,51.305796,0.074042,"[{'name': 'Westerham', 'admin2': 'Kent', 'cc': 'GB', 'lat': '51.26632', 'lon': '0.06892', 'admin1': 'England'}]"
394,51.22523,1.057667,"[{'name': 'Chartham', 'admin2': 'Kent', 'cc': 'GB', 'lat': '51.2562', 'lon': '1.01836', 'admin1': 'England'}]"
395,51.126285,2.135274,"[{'name': 'Grand-Fort-Philippe', 'admin2': 'Departement du Nord', 'cc': 'FR', 'lat': '50.99961', 'lon': '2.10784', 'admin1': 'Nord-Pas-de-Calais'}]"
396,51.027022,3.110535,"[{'name': 'Torhout', 'admin2': 'Provincie West-Vlaanderen', 'cc': 'BE', 'lat': '51.0656', 'lon': '3.10085', 'admin1': 'Flanders'}]"
397,50.918961,4.081258,"[{'name': 'Denderleeuw', 'admin2': 'Provincie Oost-Vlaanderen', 'cc': 'BE', 'lat': '50.88506', 'lon': '4.07601', 'admin1': 'Flanders'}]"
398,50.802175,5.0471,"[{'name': 'Landen', 'admin2': 'Provincie Vlaams-Brabant', 'cc': 'BE', 'lat': '50.75267', 'lon': '5.082', 'admin1': 'Flanders'}]"
399,50.676746,6.007732,"[{'name': 'Lontzen', 'admin2': 'Province de Liege', 'cc': 'BE', 'lat': '50.68126', 'lon': '6.00712', 'admin1': 'Wallonia'}]"
400,50.542754,6.962837,"[{'name': 'Berg', 'admin2': '', 'cc': 'DE', 'lat': '50.55', 'lon': '6.95', 'admin1': 'Rheinland-Pfalz'}]"
401,50.385582,8.006711,"[{'name': 'Diez', 'admin2': '', 'cc': 'DE', 'lat': '50.37419', 'lon': '8.00735', 'admin1': 'Rheinland-Pfalz'}]"
402,50.233907,8.949246,"[{'name': 'Hammersbach', 'admin2': 'Regierungsbezirk Darmstadt', 'cc': 'DE', 'lat': '50.21667', 'lon': '8.98333', 'admin1': 'Hesse'}]"
403,50.073964,9.885368,"[{'name': 'Hammelburg', 'admin2': 'Regierungsbezirk Unterfranken', 'cc': 'DE', 'lat': '50.11633', 'lon': '9.89143', 'admin1': 'Bavaria'}]"
404,49.905853,10.814819,"[{'name': 'Bischberg', 'admin2': 'Upper Franconia', 'cc': 'DE', 'lat': '49.91087', 'lon': '10.83212', 'admin1': 'Bavaria'}]"
405,49.729675,11.737361,"[{'name': 'Kirchenthumbach', 'admin2': 'Upper Palatinate', 'cc': 'DE', 'lat': '49.74866', 'lon': '11.72542', 'admin1': 'Bavaria'}]"
406,49.545543,12.652768,"[{'name': 'Stadlern', 'admin2': 'Upper Palatinate', 'cc': 'DE', 'lat': '49.5', 'lon': '12.61667', 'admin1': 'Bavaria'}]"
407,49.333941,13.651227,"[{'name': ""Horazd'ovice"", 'admin2': '', 'cc': 'CZ', 'lat': '49.32069', 'lon': '13.701', 'admin1': 'Plzensky'}]"
408,49.133468,14.550989,"[{'name': 'Sevetin', 'admin2': '', 'cc': 'CZ', 'lat': '49.10005', 'lon': '14.5722', 'admin1': 'Jihocesky'}]"
409,48.92539,15.443022,"[{'name': 'Waldkirchen an der Thaya', 'admin2': 'Politischer Bezirk Waidhofen an der Thaya', 'cc': 'AT', 'lat': '48.93333', 'lon': '15.35', 'admin1': 'Lower Austria'}]"
410,48.709829,16.327159,"[{'name': 'Unterstinkenbrunn', 'admin2': 'Politischer Bezirk Mistelbach', 'cc': 'AT', 'lat': '48.66667', 'lon': '16.33333', 'admin1': 'Lower Austria'}]"
411,48.486902,17.203261,"[{'name': 'Modra', 'admin2': '', 'cc': 'SK', 'lat': '48.33397', 'lon': '17.30711', 'admin1': 'Bratislavsky'}]"
412,48.256734,18.071193,"[{'name': 'Nitra', 'admin2': 'Okres Nitra', 'cc': 'SK', 'lat': '48.30763', 'lon': '18.08453', 'admin1': 'Nitriansky'}]"
413,47.995333,19.016345,"[{'name': 'Diosjeno', 'admin2': '', 'cc': 'HU', 'lat': '47.93968', 'lon': '19.04317', 'admin1': 'Nograd'}]"
414,47.750358,19.866763,"[{'name': 'Nagyrede', 'admin2': '', 'cc': 'HU', 'lat': '47.76543', 'lon': '19.84819', 'admin1': 'Heves'}]"
415,47.498522,20.708698,"[{'name': 'Tiszaszentimre', 'admin2': '', 'cc': 'HU', 'lat': '47.48333', 'lon': '20.73333', 'admin1': 'Jasz-Nagykun-Szolnok'}]"
416,47.239958,21.542079,"[{'name': 'Berettyoujfalu', 'admin2': '', 'cc': 'HU', 'lat': '47.21667', 'lon': '21.55', 'admin1': 'Hajdu-Bihar'}]"
417,46.974787,22.366846,"[{'name': 'Astileu', 'admin2': 'Comuna Astileu', 'cc': 'RO', 'lat': '47.03333', 'lon': '22.38333', 'admin1': 'Bihor'}]"
418,46.703133,23.18295,"[{'name': 'Maguri-Racatau', 'admin2': 'Comuna Maguri-Racatau', 'cc': 'RO', 'lat': '46.645', 'lon': '23.197', 'admin1': 'Cluj'}]"
419,46.425124,23.990358,"[{'name': 'Chetani', 'admin2': 'Comuna Chetani', 'cc': 'RO', 'lat': '46.46667', 'lon': '24.03333', 'admin1': 'Mures'}]"
420,46.112127,24.868435,"[{'name': 'Bradeni', 'admin2': 'Comuna Bradeni', 'cc': 'RO', 'lat': '46.08333', 'lon': '24.83333', 'admin1': 'Sibiu'}]"
421,45.821181,25.657519,"[{'name': 'Araci', 'admin2': 'Comuna Valcele', 'cc': 'RO', 'lat': '45.81187', 'lon': '25.65482', 'admin1': 'Covasna'}]"
422,45.524273,26.437868,"[{'name': 'Gura Teghii', 'admin2': 'Comuna Gura Teghii', 'cc': 'RO', 'lat': '45.48333', 'lon': '26.41667', 'admin1': 'Buzau'}]"
423,45.221518,27.209493,"[{'name': 'Galbenu', 'admin2': 'Comuna Galbenu', 'cc': 'RO', 'lat': '45.21667', 'lon': '27.16667', 'admin1': 'Braila'}]"
424,44.913046,27.972411,"[{'name': 'Marasu', 'admin2': 'Comuna Marasu', 'cc': 'RO', 'lat': '44.85', 'lon': '27.96667', 'admin1': 'Braila'}]"
425,44.567264,28.801603,"[{'name': 'Istria', 'admin2': 'Comuna Istria', 'cc': 'RO', 'lat': '44.56667', 'lon': '28.71667', 'admin1': 'Constanta'}]"
426,44.247178,29.54634,"[{'name': 'Sfantu Gheorghe', 'admin2': 'Comuna Sfantu Gheorghe', 'cc': 'RO', 'lat': '44.88333', 'lon': '29.6', 'admin1': 'Tulcea'}]"
427,43.921747,30.282487,"[{'name': 'Sfantu Gheorghe', 'admin2': 'Comuna Sfantu Gheorghe', 'cc': 'RO', 'lat': '44.88333', 'lon': '29.6', 'admin1': 'Tulcea'}]"
428,43.591087,31.010097,"[{'name': 'Sfantu Gheorghe', 'admin2': 'Comuna Sfantu Gheorghe', 'cc': 'RO', 'lat': '44.88333', 'lon': '29.6', 'admin1': 'Tulcea'}]"
429,43.255318,31.72922,"[{'name': 'Amasra', 'admin2': '', 'cc': 'TR', 'lat': '41.74633', 'lon': '32.38633', 'admin1': 'Bartin'}]"
430,42.914553,32.439932,"[{'name': 'Kurucasile', 'admin2': '', 'cc': 'TR', 'lat': '41.83781', 'lon': '32.71621', 'admin1': 'Bartin'}]"
431,42.534084,33.212082,"[{'name': 'Doganyurt', 'admin2': '', 'cc': 'TR', 'lat': '42.00457', 'lon': '33.46029', 'admin1': 'Kastamonu'}]"
432,42.183201,33.905363,"[{'name': 'Abana', 'admin2': '', 'cc': 'TR', 'lat': '41.97858', 'lon': '34.011', 'admin1': 'Kastamonu'}]"
433,41.827672,34.590465,"[{'name': 'Yenikonak', 'admin2': '', 'cc': 'TR', 'lat': '41.86667', 'lon': '34.61667', 'admin1': 'Sinop'}]"
434,41.467608,35.26748,"[{'name': 'Cerciler', 'admin2': '', 'cc': 'TR', 'lat': '41.3945', 'lon': '35.23665', 'admin1': 'Sinop'}]"
435,41.103112,35.936497,"[{'name': 'Kavak', 'admin2': '', 'cc': 'TR', 'lat': '41.07833', 'lon': '36.0425', 'admin1': 'Samsun'}]"
436,40.734289,36.597615,"[{'name': 'Karayaka', 'admin2': '', 'cc': 'TR', 'lat': '40.74402', 'lon': '36.59018', 'admin1': 'Tokat'}]"
437,40.361244,37.250926,"[{'name': 'Resadiye', 'admin2': '', 'cc': 'TR', 'lat': '40.39194', 'lon': '37.3375', 'admin1': 'Tokat'}]"
438,39.946143,37.960679,"[{'name': 'Aksu', 'admin2': '', 'cc': 'TR', 'lat': '40.08948', 'lon': '38.03523', 'admin1': 'Sivas'}]"
439,39.564561,38.597942,"[{'name': 'Ilic', 'admin2': '', 'cc': 'TR', 'lat': '39.45106', 'lon': '38.55836', 'admin1': 'Erzincan'}]"
440,39.179065,39.227723,"[{'name': 'Karaoglan', 'admin2': '', 'cc': 'TR', 'lat': '39.22644', 'lon': '39.20853', 'admin1': 'Tunceli'}]"
441,38.789754,39.850134,"[{'name': 'Kovancilar', 'admin2': '', 'cc': 'TR', 'lat': '38.72139', 'lon': '39.86806', 'admin1': 'Elazig'}]"
442,38.396718,40.465285,"[{'name': 'Hani', 'admin2': '', 'cc': 'TR', 'lat': '38.41667', 'lon': '40.4', 'admin1': 'Diyarbakir'}]"
443,38.000055,41.073291,"[{'name': 'Demiryol', 'admin2': '', 'cc': 'TR', 'lat': '37.91778', 'lon': '41.14917', 'admin1': 'Batman'}]"
444,37.599846,41.674266,"[{'name': 'Dargecit', 'admin2': '', 'cc': 'TR', 'lat': '37.54545', 'lon': '41.71966', 'admin1': 'Mardin'}]"
445,37.196189,42.268322,"[{'name': 'Bostanci', 'admin2': '', 'cc': 'TR', 'lat': '37.18', 'lon': '42.33', 'admin1': 'Sirnak'}]"
446,36.748279,42.913935,"[{'name': 'Saymayl', 'admin2': '', 'cc': 'IQ', 'lat': '36.85823', 'lon': '42.8482', 'admin1': 'Dahuk'}]"
447,36.337651,43.493842,"[{'name': 'Al-Hamdaniya', 'admin2': '', 'cc': 'IQ', 'lat': '36.27093', 'lon': '43.37758', 'admin1': 'Ninawa'}]"
448,35.923834,44.067199,"[{'name': 'Dibis', 'admin2': '', 'cc': 'IQ', 'lat': '35.67482', 'lon': '44.07067', 'admin1': 'Muhafazat Kirkuk'}]"
449,35.506909,44.634115,"[{'name': 'Jamjamal', 'admin2': '', 'cc': 'IQ', 'lat': '35.53356', 'lon': '44.8343', 'admin1': 'As Sulaymaniyah'}]"
450,35.086952,45.194709,"[{'name': 'Qeredagh', 'admin2': '', 'cc': 'IQ', 'lat': '35.3071', 'lon': '45.3906', 'admin1': 'As Sulaymaniyah'}]"
451,34.664047,45.749102,"[{'name': 'Qasr-e Shirin', 'admin2': '', 'cc': 'IR', 'lat': '34.5156', 'lon': '45.5791', 'admin1': 'Kermanshah'}]"
452,34.195533,46.351914,"[{'name': 'Kerend-e Gharb', 'admin2': '', 'cc': 'IR', 'lat': '34.2842', 'lon': '46.2423', 'admin1': 'Kermanshah'}]"
453,33.766676,46.893661,"[{'name': 'Sarableh', 'admin2': '', 'cc': 'IR', 'lat': '33.76772', 'lon': '46.56578', 'admin1': 'Ilam'}]"
454,33.335097,47.429571,"[{'name': 'Darreh Shahr', 'admin2': 'Darreh Shahr', 'cc': 'IR', 'lat': '33.1396', 'lon': '47.3762', 'admin1': 'Ilam'}]"
455,32.900871,47.959758,"[{'name': 'Poldokhtar', 'admin2': '', 'cc': 'IR', 'lat': '33.15249', 'lon': '47.71014', 'admin1': 'Lorestan'}]"
456,32.46406,48.484337,"[{'name': 'Boneh-ye Hoseyn Kaluli', 'admin2': '', 'cc': 'IR', 'lat': '32.35', 'lon': '48.48333', 'admin1': 'Khuzestan'}]"
457,32.024742,49.003424,"[{'name': 'Shushtar', 'admin2': '', 'cc': 'IR', 'lat': '32.0455', 'lon': '48.8567', 'admin1': 'Khuzestan'}]"
458,31.582972,49.51713,"[{'name': 'Haftkel', 'admin2': '', 'cc': 'IR', 'lat': '31.44686', 'lon': '49.52951', 'admin1': 'Khuzestan'}]"
459,31.094283,50.076133,"[{'name': 'Likak', 'admin2': '', 'cc': 'IR', 'lat': '30.8949', 'lon': '50.0931', 'admin1': 'Kohgiluyeh va Buyer Ahmad'}]"
460,30.647585,50.578913,"[{'name': 'Dehdasht', 'admin2': '', 'cc': 'IR', 'lat': '30.7949', 'lon': '50.56457', 'admin1': 'Kohgiluyeh va Buyer Ahmad'}]"
461,30.19864,51.07666,"[{'name': 'Basht', 'admin2': '', 'cc': 'IR', 'lat': '30.361', 'lon': '51.15735', 'admin1': 'Kohgiluyeh va Buyer Ahmad'}]"
462,29.747506,51.569489,"[{'name': 'Kazerun', 'admin2': '', 'cc': 'IR', 'lat': '29.61949', 'lon': '51.65415', 'admin1': 'Fars'}]"
463,29.294244,52.057509,"[{'name': 'Farashband', 'admin2': '', 'cc': 'IR', 'lat': '28.8713', 'lon': '52.0916', 'admin1': 'Fars'}]"
464,28.838906,52.540824,"[{'name': 'Firuzabad', 'admin2': '', 'cc': 'IR', 'lat': '28.8438', 'lon': '52.5707', 'admin1': 'Fars'}]"
465,28.335709,53.067168,"[{'name': 'Qir', 'admin2': '', 'cc': 'IR', 'lat': '28.4825', 'lon': '53.0346', 'admin1': 'Fars'}]"
466,27.876203,53.540955,"[{'name': 'Khonj', 'admin2': '', 'cc': 'IR', 'lat': '27.8913', 'lon': '53.4344', 'admin1': 'Fars'}]"
467,27.414796,54.01037,"[{'name': 'Gerash', 'admin2': '', 'cc': 'IR', 'lat': '27.6652', 'lon': '54.1371', 'admin1': 'Fars'}]"
468,26.951541,54.475509,"[{'name': 'Bastak', 'admin2': '', 'cc': 'IR', 'lat': '27.19908', 'lon': '54.36676', 'admin1': 'Hormozgan'}]"
469,26.48649,54.936482,"[{'name': 'Bandar-e Lengeh', 'admin2': '', 'cc': 'IR', 'lat': '26.55792', 'lon': '54.88067', 'admin1': 'Hormozgan'}]"
470,25.972918,55.438859,"[{'name': 'Umm al Qaywayn', 'admin2': '', 'cc': 'AE', 'lat': '25.56473', 'lon': '55.55517', 'admin1': 'Umm al Qaywayn'}]"
471,25.504258,55.891407,"[{'name': 'Adh Dhayd', 'admin2': '', 'cc': 'AE', 'lat': '25.28812', 'lon': '55.88157', 'admin1': 'Ash Shariqah'}]"
472,25.033953,56.340093,"[{'name': 'Al Fujayrah', 'admin2': '', 'cc': 'AE', 'lat': '25.11641', 'lon': '56.34141', 'admin1': 'Al Fujayrah'}]"
473,24.562052,56.785018,"[{'name': 'Al Sohar', 'admin2': '', 'cc': 'OM', 'lat': '24.3643', 'lon': '56.74681', 'admin1': 'Al Batinah'}]"
474,24.088602,57.226276,"[{'name': 'Al Khaburah', 'admin2': '', 'cc': 'OM', 'lat': '23.98864', 'lon': '57.09838', 'admin1': 'Al Batinah'}]"
475,23.613646,57.663968,"[{'name': ""Barka'"", 'admin2': '', 'cc': 'OM', 'lat': '23.70739', 'lon': '57.88908', 'admin1': 'Al Batinah'}]"
476,23.089511,58.141412,"[{'name': ""Sufalat Sama'il"", 'admin2': '', 'cc': 'OM', 'lat': '23.31667', 'lon': '58.01667', 'admin1': 'Muhafazat ad Dakhiliyah'}]"
477,22.611541,58.571898,"[{'name': ""Ibra'"", 'admin2': '', 'cc': 'OM', 'lat': '22.69057', 'lon': '58.53337', 'admin1': 'Ash Sharqiyah'}]"
478,22.1322,58.999106,"[{'name': 'Badiyah', 'admin2': '', 'cc': 'OM', 'lat': '22.45', 'lon': '58.8', 'admin1': 'Ash Sharqiyah'}]"
479,21.651531,59.423117,"[{'name': 'Sur', 'admin2': '', 'cc': 'OM', 'lat': '22.56667', 'lon': '59.52889', 'admin1': 'Ash Sharqiyah'}]"
480,21.169575,59.844027,"[{'name': 'Sur', 'admin2': '', 'cc': 'OM', 'lat': '22.56667', 'lon': '59.52889', 'admin1': 'Ash Sharqiyah'}]"
481,20.686372,60.261919,"[{'name': 'Sur', 'admin2': '', 'cc': 'OM', 'lat': '22.56667', 'lon': '59.52889', 'admin1': 'Ash Sharqiyah'}]"
482,20.153455,60.71821,"[{'name': 'Sur', 'admin2': '', 'cc': 'OM', 'lat': '22.56667', 'lon': '59.52889', 'admin1': 'Ash Sharqiyah'}]"
483,19.667759,61.130043,"[{'name': 'Sur', 'admin2': '', 'cc': 'OM', 'lat': '22.56667', 'lon': '59.52889', 'admin1': 'Ash Sharqiyah'}]"
484,19.180935,61.539123,"[{'name': 'Sur', 'admin2': '', 'cc': 'OM', 'lat': '22.56667', 'lon': '59.52889', 'admin1': 'Ash Sharqiyah'}]"
485,18.693021,61.945533,"[{'name': 'Sur', 'admin2': '', 'cc': 'OM', 'lat': '22.56667', 'lon': '59.52889', 'admin1': 'Ash Sharqiyah'}]"
486,18.204052,62.349355,"[{'name': 'Sur', 'admin2': '', 'cc': 'OM', 'lat': '22.56667', 'lon': '59.52889', 'admin1': 'Ash Sharqiyah'}]"
487,17.714065,62.750669,"[{'name': 'Sur', 'admin2': '', 'cc': 'OM', 'lat': '22.56667', 'lon': '59.52889', 'admin1': 'Ash Sharqiyah'}]"
488,17.223094,63.149566,"[{'name': 'Sur', 'admin2': '', 'cc': 'OM', 'lat': '22.56667', 'lon': '59.52889', 'admin1': 'Ash Sharqiyah'}]"
489,16.681929,63.585632,"[{'name': 'Sur', 'admin2': '', 'cc': 'OM', 'lat': '22.56667', 'lon': '59.52889', 'admin1': 'Ash Sharqiyah'}]"
490,16.189005,63.979687,"[{'name': 'Sur', 'admin2': '', 'cc': 'OM', 'lat': '22.56667', 'lon': '59.52889', 'admin1': 'Ash Sharqiyah'}]"
491,15.695199,64.371562,"[{'name': 'Mangrol', 'admin2': 'Junagadh', 'cc': 'IN', 'lat': '21.12268', 'lon': '70.11484', 'admin1': 'Gujarat'}]"
492,15.20055,64.761327,"[{'name': 'Mangrol', 'admin2': 'Junagadh', 'cc': 'IN', 'lat': '21.12268', 'lon': '70.11484', 'admin1': 'Gujarat'}]"
493,14.705087,65.149063,"[{'name': 'Veraval', 'admin2': 'Junagadh', 'cc': 'IN', 'lat': '20.9077', 'lon': '70.36786', 'admin1': 'Gujarat'}]"
494,14.208841,65.534839,"[{'name': 'Kavaratti', 'admin2': 'Lakshadweep', 'cc': 'IN', 'lat': '10.56688', 'lon': '72.64203', 'admin1': 'Laccadives'}]"
495,13.711846,65.918736,"[{'name': 'Kavaratti', 'admin2': 'Lakshadweep', 'cc': 'IN', 'lat': '10.56688', 'lon': '72.64203', 'admin1': 'Laccadives'}]"
496,13.21413,66.300831,"[{'name': 'Kavaratti', 'admin2': 'Lakshadweep', 'cc': 'IN', 'lat': '10.56688', 'lon': '72.64203', 'admin1': 'Laccadives'}]"
497,12.665847,66.719125,"[{'name': 'Kavaratti', 'admin2': 'Lakshadweep', 'cc': 'IN', 'lat': '10.56688', 'lon': '72.64203', 'admin1': 'Laccadives'}]"
498,12.166718,67.097654,"[{'name': 'Kavaratti', 'admin2': 'Lakshadweep', 'cc': 'IN', 'lat': '10.56688', 'lon': '72.64203', 'admin1': 'Laccadives'}]"
499,11.666964,67.474599,"[{'name': 'Kavaratti', 'admin2': 'Lakshadweep', 'cc': 'IN', 'lat': '10.56688', 'lon': '72.64203', 'admin1': 'Laccadives'}]"
500,11.166611,67.850027,"[{'name': 'Kavaratti', 'admin2': 'Lakshadweep', 'cc': 'IN', 'lat': '10.56688', 'lon': '72.64203', 'admin1': 'Laccadives'}]"
501,10.665688,68.224007,"[{'name': 'Kavaratti', 'admin2': 'Lakshadweep', 'cc': 'IN', 'lat': '10.56688', 'lon': '72.64203', 'admin1': 'Laccadives'}]"
502,10.164226,68.596614,"[{'name': 'Kavaratti', 'admin2': 'Lakshadweep', 'cc': 'IN', 'lat': '10.56688', 'lon': '72.64203', 'admin1': 'Laccadives'}]"
503,9.662251,68.96791,"[{'name': 'Kavaratti', 'admin2': 'Lakshadweep', 'cc': 'IN', 'lat': '10.56688', 'lon': '72.64203', 'admin1': 'Laccadives'}]"
504,9.109521,69.374908,"[{'name': 'Kavaratti', 'admin2': 'Lakshadweep', 'cc': 'IN', 'lat': '10.56688', 'lon': '72.64203', 'admin1': 'Laccadives'}]"
505,8.60656,69.743683,"[{'name': 'Kavaratti', 'admin2': 'Lakshadweep', 'cc': 'IN', 'lat': '10.56688', 'lon': '72.64203', 'admin1': 'Laccadives'}]"
506,8.103173,70.111359,"[{'name': 'Dhidhdhoo', 'admin2': '', 'cc': 'MV', 'lat': '6.88744', 'lon': '73.11402', 'admin1': 'Upper North'}]"
